-- --------------------------------------------------------
-- Servidor:                     127.0.0.1
-- Versão do servidor:           10.4.13-MariaDB - mariadb.org binary distribution
-- OS do Servidor:               Win64
-- HeidiSQL Versão:              9.5.0.5196
-- --------------------------------------------------------

/*!40101 SET @OLD_CHARACTER_SET_CLIENT=@@CHARACTER_SET_CLIENT */;
/*!40101 SET NAMES utf8 */;
/*!50503 SET NAMES utf8mb4 */;
/*!40014 SET @OLD_FOREIGN_KEY_CHECKS=@@FOREIGN_KEY_CHECKS, FOREIGN_KEY_CHECKS=0 */;
/*!40101 SET @OLD_SQL_MODE=@@SQL_MODE, SQL_MODE='NO_AUTO_VALUE_ON_ZERO' */;


-- Copiando estrutura do banco de dados para db_cppd
CREATE DATABASE IF NOT EXISTS `db_cppd` /*!40100 DEFAULT CHARACTER SET utf8 */;
USE `db_cppd`;

-- Copiando estrutura para tabela db_cppd.avaliacao
CREATE TABLE IF NOT EXISTS `avaliacao` (
  `idavaliacao` int(11) NOT NULL AUTO_INCREMENT,
  `numero_processo` varchar(45) DEFAULT NULL,
  `data_abertura` timestamp NULL DEFAULT current_timestamp(),
  `data_homologacao` date,
  `efeitos_financeiros` date DEFAULT NULL,
  `status` varchar(100) DEFAULT 'AVALIAÇÃO INICIADA',
  `avaliacao_discente` varchar(245) DEFAULT NULL,
  `avaliacao_docente` varchar(245) DEFAULT NULL,
  `avaliacao_chefia` varchar(245) DEFAULT NULL,
  `carreira_idcarreira` int(11) NOT NULL,
  `servidor_idservidor` int(11) NOT NULL,
  `Requerimento_idRequerimento` int(11) NOT NULL,
  PRIMARY KEY (`idavaliacao`),
  KEY `fk_avaliacao_carreira1_idx` (`carreira_idcarreira`),
  KEY `fk_avaliacao_servidor1_idx` (`servidor_idservidor`),
  KEY `fk_avaliacao_Requerimento1_idx` (`Requerimento_idRequerimento`),
  CONSTRAINT `fk_avaliacao_Requerimento1` FOREIGN KEY (`Requerimento_idRequerimento`) REFERENCES `requerimento` (`idRequerimento`) ON DELETE NO ACTION ON UPDATE NO ACTION,
  CONSTRAINT `fk_avaliacao_carreira1` FOREIGN KEY (`carreira_idcarreira`) REFERENCES `carreira` (`idcarreira`) ON DELETE NO ACTION ON UPDATE NO ACTION,
  CONSTRAINT `fk_avaliacao_servidor1` FOREIGN KEY (`servidor_idservidor`) REFERENCES `servidor` (`idservidor`) ON DELETE NO ACTION ON UPDATE NO ACTION
) ENGINE=InnoDB AUTO_INCREMENT=13 DEFAULT CHARSET=utf8;

-- Copiando dados para a tabela db_cppd.avaliacao: ~0 rows (aproximadamente)
/*!40000 ALTER TABLE `avaliacao` DISABLE KEYS */;
/*!40000 ALTER TABLE `avaliacao` ENABLE KEYS */;

-- Copiando estrutura para tabela db_cppd.campi
CREATE TABLE IF NOT EXISTS `campi` (
  `idcampi` int(11) NOT NULL AUTO_INCREMENT,
  `nome` varchar(45) NOT NULL,
  PRIMARY KEY (`idcampi`)
) ENGINE=InnoDB AUTO_INCREMENT=10 DEFAULT CHARSET=utf8;

-- Copiando dados para a tabela db_cppd.campi: ~9 rows (aproximadamente)
/*!40000 ALTER TABLE `campi` DISABLE KEYS */;
INSERT INTO `campi` (`idcampi`, `nome`) VALUES
	(1, 'Inconfidentes'),
	(2, 'Machado'),
	(3, 'Muzambinho'),
	(4, 'Passos'),
	(5, 'Poços de Caldas'),
	(6, 'Pouso Alegre'),
	(7, 'Carmo de Minas'),
	(8, 'Três Corações'),
	(9, 'Reitoria');
/*!40000 ALTER TABLE `campi` ENABLE KEYS */;

-- Copiando estrutura para tabela db_cppd.campi_curso
CREATE TABLE IF NOT EXISTS `campi_curso` (
  `campi_idcampi` int(11) NOT NULL,
  `curso_idcurso` int(11) NOT NULL,
  `ordem` int(11) DEFAULT NULL,
  PRIMARY KEY (`campi_idcampi`,`curso_idcurso`),
  KEY `fk_campi_has_curso_curso1_idx` (`curso_idcurso`),
  KEY `fk_campi_has_curso_campi1_idx` (`campi_idcampi`),
  CONSTRAINT `fk_campi_has_curso_campi1` FOREIGN KEY (`campi_idcampi`) REFERENCES `campi` (`idcampi`) ON DELETE NO ACTION ON UPDATE NO ACTION,
  CONSTRAINT `fk_campi_has_curso_curso1` FOREIGN KEY (`curso_idcurso`) REFERENCES `curso` (`idcurso`) ON DELETE NO ACTION ON UPDATE NO ACTION
) ENGINE=InnoDB DEFAULT CHARSET=utf8;

-- Copiando dados para a tabela db_cppd.campi_curso: ~54 rows (aproximadamente)
/*!40000 ALTER TABLE `campi_curso` DISABLE KEYS */;
INSERT INTO `campi_curso` (`campi_idcampi`, `curso_idcurso`, `ordem`) VALUES
	(1, 1, NULL),
	(1, 2, NULL),
	(1, 3, NULL),
	(1, 4, NULL),
	(1, 5, NULL),
	(1, 6, NULL),
	(1, 7, NULL),
	(1, 8, NULL),
	(1, 9, NULL),
	(1, 99, NULL),
	(1, 100, NULL),
	(1, 102, NULL),
	(2, 3, NULL),
	(2, 5, NULL),
	(2, 10, NULL),
	(2, 11, NULL),
	(2, 12, NULL),
	(2, 13, NULL),
	(2, 14, NULL),
	(2, 15, NULL),
	(2, 16, NULL),
	(2, 17, NULL),
	(2, 18, NULL),
	(2, 19, NULL),
	(3, 3, NULL),
	(3, 5, NULL),
	(3, 20, NULL),
	(3, 21, NULL),
	(3, 22, NULL),
	(3, 23, NULL),
	(3, 24, NULL),
	(3, 25, NULL),
	(3, 26, NULL),
	(3, 27, NULL),
	(3, 78, NULL),
	(3, 101, NULL),
	(4, 4, NULL),
	(4, 10, NULL),
	(4, 20, NULL),
	(4, 28, NULL),
	(4, 29, NULL),
	(4, 30, NULL),
	(5, 1, NULL),
	(5, 3, NULL),
	(5, 31, NULL),
	(5, 32, NULL),
	(5, 33, NULL),
	(5, 34, NULL),
	(6, 4, NULL),
	(6, 35, NULL),
	(6, 36, NULL),
	(6, 37, NULL),
	(6, 38, NULL),
	(6, 39, NULL);
/*!40000 ALTER TABLE `campi_curso` ENABLE KEYS */;

-- Copiando estrutura para tabela db_cppd.carreira
CREATE TABLE IF NOT EXISTS `carreira` (
  `idcarreira` int(11) NOT NULL AUTO_INCREMENT,
  `servidor_idservidor` int(11) NOT NULL,
  `classe` enum('DI','DII','DIII','DIV','Titular') DEFAULT NULL,
  `nivel` enum('1','2','3','4','Único') DEFAULT NULL,
  `data_progressao` date DEFAULT NULL,
  `status` varchar(50) DEFAULT 'Prevista',
  PRIMARY KEY (`idcarreira`),
  KEY `fk_carreira_servidor1_idx` (`servidor_idservidor`)
) ENGINE=InnoDB AUTO_INCREMENT=12 DEFAULT CHARSET=utf8;

-- Copiando dados para a tabela db_cppd.carreira: ~3 rows (aproximadamente)
/*!40000 ALTER TABLE `carreira` DISABLE KEYS */;
INSERT INTO `carreira` (`idcarreira`, `servidor_idservidor`, `classe`, `nivel`, `data_progressao`, `status`) VALUES
	(1, 51, 'DIII', '1', '2019-08-01', 'Finalizada'),
	(2, 51, 'DIII', '3', '2021-12-01', 'Prevista');
/*!40000 ALTER TABLE `carreira` ENABLE KEYS */;

-- Copiando estrutura para tabela db_cppd.classe
CREATE TABLE IF NOT EXISTS `classe` (
  `idclasse` int(11) NOT NULL AUTO_INCREMENT,
  `classe` varchar(45) DEFAULT NULL,
  PRIMARY KEY (`idclasse`)
) ENGINE=InnoDB AUTO_INCREMENT=6 DEFAULT CHARSET=utf8;

-- Copiando dados para a tabela db_cppd.classe: ~4 rows (aproximadamente)
/*!40000 ALTER TABLE `classe` DISABLE KEYS */;
INSERT INTO `classe` (`idclasse`, `classe`) VALUES
	(1, 'DI'),
	(2, 'DII'),
	(3, 'DIII'),
	(4, 'DIV'),
	(5, 'Titular');
/*!40000 ALTER TABLE `classe` ENABLE KEYS */;

-- Copiando estrutura para tabela db_cppd.configuracoes
CREATE TABLE IF NOT EXISTS `configuracoes` (
  `idconfiguracoes` int(11) NOT NULL AUTO_INCREMENT,
  `titulo_termo` varchar(255) NOT NULL,
  `texto_termo` text NOT NULL,
  PRIMARY KEY (`idconfiguracoes`)
) ENGINE=InnoDB AUTO_INCREMENT=2 DEFAULT CHARSET=utf8;

-- Copiando dados para a tabela db_cppd.configuracoes: ~0 rows (aproximadamente)
/*!40000 ALTER TABLE `configuracoes` DISABLE KEYS */;
INSERT INTO `configuracoes` (`idconfiguracoes`, `titulo_termo`, `texto_termo`) VALUES
	(1, 'Termo de autorização de uso de imagem, dados e reprodução', '<div class="gmail_default" style="text-align: justify;">\n	<span style="font-size:14px;"><span style="color: rgb(51, 51, 51); font-family: &quot;Source Sans Pro&quot;, &quot;Helvetica Neue&quot;, Helvetica, Arial, sans-serif;"><strong>AUTORIZO</strong> o uso de meus dados institucionais (telefone, e-mail, &aacute;rea de forma&ccedil;&atilde;o e atua&ccedil;&atilde;o, linhas de pesquisa, grupos de pesquisa e laborat&oacute;rios, bem como outros dados disponibilizados ainda no curr&iacute;culo lattes), bem como o uso de minha imagem em todo e qualquer material, documentos e outros meios de comunica&ccedil;&atilde;o, m&iacute;dias sociais,&nbsp; para&nbsp; campanhas promocionais e institucional do IFSULDEMINAS, sejam essas destinadas &agrave; divulga&ccedil;&atilde;o ao p&uacute;blico em geral e/ou apenas para uso interno desta institui&ccedil;&atilde;o, desde que n&atilde;o haja desvirtuamento da sua finalidade. A presente autoriza&ccedil;&atilde;o &eacute; concedida a t&iacute;tulo gratuito.&nbsp;</span></span></div>\n<div class="gmail_default" style="font-size: small;">\n	&nbsp;</div>\n');
/*!40000 ALTER TABLE `configuracoes` ENABLE KEYS */;

-- Copiando estrutura para tabela db_cppd.controller
CREATE TABLE IF NOT EXISTS `controller` (
  `idcontroller` int(11) NOT NULL AUTO_INCREMENT,
  `name` varchar(250) DEFAULT NULL,
  `titulo` varchar(250) DEFAULT NULL,
  `descricao` varchar(200) DEFAULT NULL,
  `icone` varchar(45) DEFAULT NULL,
  `gerenciar` tinyint(1) DEFAULT NULL,
  `mostrar_menu` tinyint(1) DEFAULT NULL,
  `menu_idmenu` int(11) NOT NULL,
  PRIMARY KEY (`idcontroller`),
  KEY `fk_controller_menu1_idx` (`menu_idmenu`),
  CONSTRAINT `fk_controller_menu1` FOREIGN KEY (`menu_idmenu`) REFERENCES `menu` (`idmenu`) ON DELETE NO ACTION ON UPDATE NO ACTION
) ENGINE=InnoDB AUTO_INCREMENT=49 DEFAULT CHARSET=utf8;

-- Copiando dados para a tabela db_cppd.controller: ~24 rows (aproximadamente)
/*!40000 ALTER TABLE `controller` DISABLE KEYS */;
INSERT INTO `controller` (`idcontroller`, `name`, `titulo`, `descricao`, `icone`, `gerenciar`, `mostrar_menu`, `menu_idmenu`) VALUES
	(14, 'restrito/rh/servidor', 'Servidor', 'Gerenciar servidores públicos', 'fa fa-id-card', 1, 1, 6),
	(15, 'restrito/administracao/campi', 'Campi', 'Gerenciar Campi', 'fa fa-university', 1, 1, 3),
	(16, 'restrito/administracao/curso', 'Curso', 'Gerenciar cursos', 'fa fa-book', 1, 1, 3),
	(21, 'restrito/uac/usuario', 'Usuários', 'Gerenciar usuários', 'fa fa-user', 1, 1, 4),
	(22, 'restrito/uac/papeis', 'Papéis', 'Gerenciar papeis', 'fas fa-copy', 1, 1, 4),
	(24, 'restrito/uac/controller', 'Recursos', 'Cadastrar funcionalidades do sistema', 'fas fa-cubes', 1, 1, 4),
	(25, 'restrito/uac/menu', 'Menu', 'Criar menus personalizados', 'fas fa-bars', 1, 1, 4),
	(26, '/restrito/administracao/dashboard', 'Dashboard', 'Visualizar dashboard', 'fas fa-chart-line', 1, 1, 3),
	(27, 'restrito/administracao/vincular_curso_campus', 'Cursos do campus', 'Vincular curso ao campi', 'fa fa-link', 1, 1, 3),
	(31, 'restrito/administracao/configuracao', 'Configurações', 'Configurações gerais - termo licença', 'fas fa-cog', 1, 1, 3),
	(32, 'restrito/avaliacao/processo/abrir', 'Processo de Progressão', 'Abre um novo processo de progressão', 'far fa-edit ', 1, 1, 5),
	(33, 'restrito/rh/titulacao', 'Titulação', 'Mantém as titulações dos docentes', 'fa fa-graduation-cap', 1, 1, 6),
	(34, 'restrito/rh/carreira', 'Carreira', 'Mantém as carreiras dos docentes', 'far fa-address-card', 1, 0, 6),
	(36, 'restrito/rh/classe', 'Classe', 'Mantém as classe dos docentes', 'fas fa-circle-notch', 1, 0, 6),
	(37, 'restrito/avaliacao/criterio', 'Critérios', 'Mantém os critérios de avaliação', 'fas fa-ruler-vertical', 1, 1, 5),
	(38, 'restrito/avaliacao/ficha', 'Ficha', 'Mantém as fichas de avaliação', 'fas fa-clipboard-check', 1, 1, 5),
	(39, 'restrito/avaliacao/grupo', 'Grupo', 'Mantém o grupo do docente', 'fas fa-chalkboard-teacher', 1, 1, 5),
	(40, 'restrito/rh/nivel', 'Nível', 'Mantém as nível dos docentes', 'fas fa-layer-group', 1, 0, 6),
	(41, 'restrito/avaliacao/pontos', 'Pontos', 'Mantém as pontos das fichas avaliativas', 'fas fa-sort-numeric-up', 1, 0, 5),
	(42, 'restrito/rh/setor', 'Setor', 'Setor administrativo onde estão lotados os servidores', 'fas fa-house-user', 1, 1, 6),
	(43, 'restrito/avaliacao/progressao', 'Minhas Progressões', 'Mostra as progressões do servidor', 'fas fa-award', 1, 1, 5),
	(44, 'restrito/avaliacao/requerimento/index', 'Requerimento Progressão', 'Faz a requisição de progressão de desempenho', 'fas fa-print', 1, 1, 5),
	(45, 'restrito/avaliacao/requerimentos', 'Listagem de Requerimentos', 'Mostra os requerimentos em aberto para o RH fazer a abertura de processo', 'fas fa-print', 1, 1, 5),
	(46, 'restrito/avaliacao/avaliacao_chefia', 'Avaliação Chefia', 'Essa opção permite que o chefe faça a avaliação de um docente', 'fas fa-check-double', 1, 1, 5),
	(47, 'restrito/avaliacao/avaliacao_discente', 'Avaliação Discente', 'Essa opção permite que a CPPD insira a avaliação dos discentes', 'fas fa-check-double', 1, 1, 5),
	(48, 'restrito/avaliacao/processos', 'Listagem de Processos', 'Mostra todos os processos de avaliação de progressão', 'fas fa-tasks', 1, 1, 5);
/*!40000 ALTER TABLE `controller` ENABLE KEYS */;

-- Copiando estrutura para tabela db_cppd.criterios_avaliativos
CREATE TABLE IF NOT EXISTS `criterios_avaliativos` (
  `idcriterios_avaliativos` int(11) NOT NULL AUTO_INCREMENT,
  `criterio` text DEFAULT NULL,
  PRIMARY KEY (`idcriterios_avaliativos`)
) ENGINE=InnoDB AUTO_INCREMENT=21 DEFAULT CHARSET=utf8;

-- Copiando dados para a tabela db_cppd.criterios_avaliativos: ~20 rows (aproximadamente)
/*!40000 ALTER TABLE `criterios_avaliativos` DISABLE KEYS */;
INSERT INTO `criterios_avaliativos` (`idcriterios_avaliativos`, `criterio`) VALUES
	(1, '<p>\n	1. Pontualidade: &eacute; pontual e cumpre os hor&aacute;rios das aulas, reuni&otilde;es e atividades programadas pelo seu setor</p>\n'),
	(2, '<p>\n	2. Assiduidade: sua presen&ccedil;a na Institui&ccedil;&atilde;o se faz sempre que necess&aacute;rio e participa ativamente de atividades como reuni&otilde;es pedag&oacute;gicas, reuni&otilde;es de pais e mestres, participa&ccedil;&atilde;o em planejamentos entre outros.</p>\n'),
	(3, '<p>\n	3. Organiza&ccedil;&atilde;o e disciplina: organiza, sistematiza e cumpre suas atividades respeitando os tempos h&aacute;beis &agrave;s necessidades institucionais.</p>\n'),
	(4, '<p>\n	4. Relacionamento: estabelece uma rela&ccedil;&atilde;o &eacute;tica e de respeito m&uacute;tuo, clima de participa&ccedil;&atilde;o e trabalho coletivo.</p>\n'),
	(5, '<p>\n	5. Interesse: interesse para desenvolver atividades de gest&atilde;o e/ou ensino, pesquisa e extens&atilde;o.</p>\n'),
	(6, '<p>\n	6. Metodologia: utiliza metodologias que incentivam a participa&ccedil;&atilde;o, discuss&atilde;o, express&atilde;o de ideias, direcionando suas atividades pedag&oacute;gicas e/ou de gest&atilde;o para forma&ccedil;&atilde;o do perfil humano e profissional do discente.</p>\n'),
	(7, '<p>\n	7. Avalia&ccedil;&atilde;o: utiliza adequadamente os instrumentos de avalia&ccedil;&atilde;o, de forma a identificar os avan&ccedil;os na aprendizagem do aluno e no desenvolvimento institucional.</p>\n'),
	(8, '<p>\n	8. Desenvolvimento profissional e pessoal: mant&eacute;m-se atualizado sobre novos conhecimentos e pr&aacute;ticas relacionadas ao processo de ensino, pesquisa e extens&atilde;o, aplicando-os na sua &aacute;rea de trabalho.</p>\n'),
	(9, '<p>\n	9. Compromisso institucional: demonstra envolvimento e comprometimento com o trabalho. Empenha-se em manter em bom estado de conserva&ccedil;&atilde;o os equipamentos utilizados e o local de trabalho. Apresenta o Plano de Ensino de cada disciplina no in&iacute;cio do semestre letivo.</p>\n'),
	(10, '<p>\n	10. &Eacute;tica: demonstra comportamento compat&iacute;vel com o C&oacute;digo de &Eacute;tica Profissional do Servidor P&uacute;blico Civil do Poder Executivo Federal, quanto a sigilo, discri&ccedil;&atilde;o, moralidade, integridade, educa&ccedil;&atilde;o, cortesia etc.</p>\n'),
	(11, '<p>\n	1. Pontualidade: &eacute; pontual e cumpre os hor&aacute;rios das aulas.</p>\n'),
	(12, '<p>\n	2. Conte&uacute;do: Apresenta o conte&uacute;do program&aacute;tico na disciplina</p>\n'),
	(13, '<p>\n	3. Organiza&ccedil;&atilde;o e disciplina: organiza, sistematiza e cumpre suas atividades em sala de aula.</p>\n'),
	(14, '<p>\n	4. Relacionamento: estabelece uma rela&ccedil;&atilde;o &eacute;tica e de respeito m&uacute;tuo, clima de participa&ccedil;&atilde;o e trabalho coletivo.</p>\n'),
	(15, '<p>\n	5. Incentiva a participa&ccedil;&atilde;o, discuss&atilde;o, express&atilde;o de ideias, direcionando suas atividades pedag&oacute;gicas e/ou de gest&atilde;o para forma&ccedil;&atilde;o do perfil humano e profissional do discente.</p>\n'),
	(16, '<p>\n	6. Avalia&ccedil;&atilde;o: utiliza adequadamente os instrumentos de avalia&ccedil;&atilde;o, de forma a identificar os avan&ccedil;os na aprendizagem do aluno.</p>\n'),
	(17, '<p>\n	7. Mant&eacute;m-se atualizado sobre novos conhecimentos e pr&aacute;ticas relacionadas ao processo de ensino, pesquisa e extens&atilde;o, aplicando-os na sua &aacute;rea de trabalho</p>\n'),
	(18, '<p>\n	8. Demonstra envolvimento e comprometimento com o trabalho. Empenha-se em manter em bom estado de conserva&ccedil;&atilde;o os equipamentos utilizados e o local de trabalho.</p>\n'),
	(19, '<p>\n	9. Demonstra comportamento compat&iacute;vel com o C&oacute;digo de &Eacute; tica Profissional do Servidor P&uacute;blico Civil do Poder Executivo Federal, quanto a sigilo, discri&ccedil;&atilde;o, moralidade, integridade, educa&ccedil;&atilde;o, cortesia etc.</p>\n'),
	(20, '<p>\n	10. Interesse em participar de eventos propostos pelo seu curso.</p>\n');
/*!40000 ALTER TABLE `criterios_avaliativos` ENABLE KEYS */;

-- Copiando estrutura para tabela db_cppd.curso
CREATE TABLE IF NOT EXISTS `curso` (
  `idcurso` int(11) NOT NULL AUTO_INCREMENT,
  `nome` varchar(255) DEFAULT NULL,
  `tipo` enum('FIC','Técnico','Superior','Pós-Graduação Lato Sensu - Especialização','Pós-Graduação Stricto Sensu - Mestrado') DEFAULT NULL,
  PRIMARY KEY (`idcurso`)
) ENGINE=InnoDB AUTO_INCREMENT=103 DEFAULT CHARSET=utf8;

-- Copiando dados para a tabela db_cppd.curso: ~43 rows (aproximadamente)
/*!40000 ALTER TABLE `curso` DISABLE KEYS */;
INSERT INTO `curso` (`idcurso`, `nome`, `tipo`) VALUES
	(1, 'TECNOLOGIA EM GESTÃO AMBIENTAL', 'FIC'),
	(2, 'REDES DE COMPUTADORES', 'Superior'),
	(3, 'CIÊNCIAS BIOLÓGICAS', 'Superior'),
	(4, 'LICENCIATURA MATEMÁTICA', 'Superior'),
	(5, 'ENGENHARIA AGRONÔMICA', 'Superior'),
	(6, 'ENGENHARIA DE AGRIMENSURA E CARTOGRÁFICA', 'Superior'),
	(7, 'ENGENHARIA DE ALIMENTOS', 'Superior'),
	(8, 'EDUCAÇÃO INFANTIL', 'Pós-Graduação Lato Sensu - Especialização'),
	(9, 'GESTÃO AMBIENTAL', 'Pós-Graduação Lato Sensu - Especialização'),
	(10, 'ADMINISTRAÇÃO', 'Superior'),
	(11, 'CIÊNCIA E TECNOLOGIA DOS ALIMENTOS', 'Superior'),
	(12, 'SISTEMAS DE INFORMAÇÃO', 'Superior'),
	(13, 'ZOOTECNIA', 'Superior'),
	(14, 'LICENCIATURA EM COMPUTAÇÃO', 'Superior'),
	(15, 'TECNOLOGIA EM ALIMENTOS', 'Superior'),
	(16, 'TECNOLOGIA EM CAFEICULTURA', 'Superior'),
	(17, 'CAFEICULTURA EMPRESARIAL', 'Pós-Graduação Lato Sensu - Especialização'),
	(18, 'PRODUÇÃO ANIMAL', 'Pós-Graduação Lato Sensu - Especialização'),
	(19, 'MESTRADO EM ALIMENTOS', 'Pós-Graduação Stricto Sensu - Mestrado'),
	(20, 'CIÊNCIAS DA COMPUTAÇÃO', 'Superior'),
	(21, 'EDUCAÇÃO FISICA', 'Superior'),
	(22, 'MEDICINA VETERINÁRIA', 'Superior'),
	(23, 'LICENCIATURA EM EDUCAÇÃO FISICA', 'Superior'),
	(24, 'PROGRAMA ESPECIAL DE FORMAÇÃO PEDAGÓGICA DOCENTE', 'Superior'),
	(25, 'TECNOLOGIA EM CAFEICULTURA', 'Superior'),
	(26, 'CAFEICULTURA', 'Pós-Graduação Lato Sensu - Especialização'),
	(27, 'GESTÃO PÚBLICA', 'Pós-Graduação Lato Sensu - Especialização'),
	(28, 'TECNOLOGIA EM DESIGN DE MODA', 'Superior'),
	(29, 'TECNOLOGIA EM PRODUÇÃO PUBLICITÁRIA', 'Superior'),
	(30, 'ENFERMAGEM ONCOLÓGICA', 'Pós-Graduação Lato Sensu - Especialização'),
	(31, 'GEOGRAFIA', 'Superior'),
	(32, 'GESTÃO COMERCIAL', 'Superior'),
	(33, 'INFORMÁTICA NA EDUCAÇÃO', 'Pós-Graduação Lato Sensu - Especialização'),
	(34, 'ENGENHARIA DA COMPUTAÇÃO', 'Superior'),
	(35, 'LICENCIATURA EM QUÍMICA', 'Superior'),
	(36, 'ENGENHARIA CIVIL', 'Superior'),
	(37, 'ENGENHARIA QUÍMICA', 'Superior'),
	(38, 'EDUCAÇÃO MATEMÁTICA', 'Pós-Graduação Lato Sensu - Especialização'),
	(39, 'ENGENHARIA E SEGURANÇA DO TRABALHO', 'Pós-Graduação Lato Sensu - Especialização'),
	(99, 'TECNOLOGIA EM AGRIMENSURA', 'Superior'),
	(100, 'Licenciatura em Educação do Campo', 'Superior'),
	(101, 'Licenciatura em Pedagogia EaD', 'Superior'),
	(102, 'INFORMÁTICA', 'Técnico');
/*!40000 ALTER TABLE `curso` ENABLE KEYS */;

-- Copiando estrutura para tabela db_cppd.fichas_grupo
CREATE TABLE IF NOT EXISTS `fichas_grupo` (
  `idfichas_grupo` int(11) NOT NULL AUTO_INCREMENT,
  `grupo_idgrupo` int(11) NOT NULL,
  `ficha_avaliacao_idficha_avaliacao` int(11) NOT NULL,
  `ordem` int(11) DEFAULT NULL,
  `pontos` int(11) DEFAULT NULL,
  PRIMARY KEY (`idfichas_grupo`),
  KEY `fk_grupo_has_ficha_avaliacao_ficha_avaliacao1_idx` (`ficha_avaliacao_idficha_avaliacao`),
  KEY `fk_grupo_has_ficha_avaliacao_grupo1_idx` (`grupo_idgrupo`),
  CONSTRAINT `fk_grupo_has_ficha_avaliacao_ficha_avaliacao1` FOREIGN KEY (`ficha_avaliacao_idficha_avaliacao`) REFERENCES `ficha_avaliacao` (`idficha_avaliacao`) ON DELETE NO ACTION ON UPDATE NO ACTION,
  CONSTRAINT `fk_grupo_has_ficha_avaliacao_grupo1` FOREIGN KEY (`grupo_idgrupo`) REFERENCES `grupo` (`idgrupo`) ON DELETE NO ACTION ON UPDATE NO ACTION
) ENGINE=InnoDB AUTO_INCREMENT=17 DEFAULT CHARSET=utf8;

-- Copiando dados para a tabela db_cppd.fichas_grupo: ~16 rows (aproximadamente)
/*!40000 ALTER TABLE `fichas_grupo` DISABLE KEYS */;
INSERT INTO `fichas_grupo` (`idfichas_grupo`, `grupo_idgrupo`, `ficha_avaliacao_idficha_avaliacao`, `ordem`, `pontos`) VALUES
	(1, 1, 1, 1, 30),
	(2, 1, 2, 2, 30),
	(3, 1, 3, 3, 10),
	(4, 2, 1, 1, 30),
	(5, 2, 2, 2, 40),
	(6, 4, 2, 2, 40),
	(7, 4, 4, 1, 30),
	(8, 5, 1, 1, 30),
	(9, 5, 5, 2, 40),
	(10, 1, 6, 0, 30),
	(11, 2, 6, 0, 30),
	(12, 3, 6, 2, 50),
	(13, 3, 8, 0, 25),
	(14, 3, 7, 1, 25),
	(15, 4, 6, 0, 30),
	(16, 5, 6, 0, 30);
/*!40000 ALTER TABLE `fichas_grupo` ENABLE KEYS */;

-- Copiando estrutura para tabela db_cppd.ficha_avaliacao
CREATE TABLE IF NOT EXISTS `ficha_avaliacao` (
  `idficha_avaliacao` int(11) NOT NULL AUTO_INCREMENT,
  `nome` varchar(255) DEFAULT NULL,
  `tipo` enum('Critério','Upload') DEFAULT NULL,
  PRIMARY KEY (`idficha_avaliacao`)
) ENGINE=InnoDB AUTO_INCREMENT=9 DEFAULT CHARSET=utf8;

-- Copiando dados para a tabela db_cppd.ficha_avaliacao: ~8 rows (aproximadamente)
/*!40000 ALTER TABLE `ficha_avaliacao` DISABLE KEYS */;
INSERT INTO `ficha_avaliacao` (`idficha_avaliacao`, `nome`, `tipo`) VALUES
	(1, 'Ficha de Autoavaliação para Docentes', 'Critério'),
	(2, 'Ficha de Avaliação da Chefia Imediata', 'Critério'),
	(3, 'Avaliação pelo Discente', 'Critério'),
	(4, 'Avaliação do cargo/função', 'Critério'),
	(5, 'Avaliação da chefia imediata da lotação atual', 'Critério'),
	(6, 'Relatórios da Normativa Docente', 'Upload'),
	(7, 'Atestado de matrícula atualizado', 'Upload'),
	(8, 'Apresentação dos trabalhos realizados no período', 'Upload');
/*!40000 ALTER TABLE `ficha_avaliacao` ENABLE KEYS */;

-- Copiando estrutura para tabela db_cppd.ficha_criterios
CREATE TABLE IF NOT EXISTS `ficha_criterios` (
  `ficha_avaliacao_idficha_avaliacao` int(11) NOT NULL,
  `criterios_avaliativos_idcriterios_avaliativos` int(11) NOT NULL,
  `ordem` int(11) DEFAULT NULL,
  PRIMARY KEY (`ficha_avaliacao_idficha_avaliacao`,`criterios_avaliativos_idcriterios_avaliativos`),
  KEY `fk_ficha_avaliacao_has_criterios_avaliativos_criterios_aval_idx` (`criterios_avaliativos_idcriterios_avaliativos`),
  KEY `fk_ficha_avaliacao_has_criterios_avaliativos_ficha_avaliaca_idx` (`ficha_avaliacao_idficha_avaliacao`),
  CONSTRAINT `fk_ficha_avaliacao_has_criterios_avaliativos_criterios_avalia1` FOREIGN KEY (`criterios_avaliativos_idcriterios_avaliativos`) REFERENCES `criterios_avaliativos` (`idcriterios_avaliativos`) ON DELETE NO ACTION ON UPDATE NO ACTION,
  CONSTRAINT `fk_ficha_avaliacao_has_criterios_avaliativos_ficha_avaliacao1` FOREIGN KEY (`ficha_avaliacao_idficha_avaliacao`) REFERENCES `ficha_avaliacao` (`idficha_avaliacao`) ON DELETE NO ACTION ON UPDATE NO ACTION
) ENGINE=InnoDB DEFAULT CHARSET=utf8;

-- Copiando dados para a tabela db_cppd.ficha_criterios: ~50 rows (aproximadamente)
/*!40000 ALTER TABLE `ficha_criterios` DISABLE KEYS */;
INSERT INTO `ficha_criterios` (`ficha_avaliacao_idficha_avaliacao`, `criterios_avaliativos_idcriterios_avaliativos`, `ordem`) VALUES
	(1, 1, 0),
	(1, 2, 1),
	(1, 4, 3),
	(1, 7, 6),
	(1, 9, 8),
	(1, 10, 9),
	(1, 13, 2),
	(1, 15, 4),
	(1, 16, 5),
	(1, 18, 7),
	(2, 1, 0),
	(2, 2, 1),
	(2, 4, 3),
	(2, 7, 6),
	(2, 9, 8),
	(2, 10, 9),
	(2, 13, 2),
	(2, 15, 4),
	(2, 16, 5),
	(2, 18, 7),
	(3, 3, 2),
	(3, 5, 4),
	(3, 6, 5),
	(3, 8, 7),
	(3, 11, 0),
	(3, 12, 1),
	(3, 14, 3),
	(3, 17, 6),
	(3, 19, 8),
	(3, 20, 9),
	(4, 1, 0),
	(4, 2, 1),
	(4, 4, 3),
	(4, 7, 6),
	(4, 9, 8),
	(4, 10, 9),
	(4, 13, 2),
	(4, 15, 4),
	(4, 16, 5),
	(4, 18, 7),
	(5, 1, 0),
	(5, 2, 1),
	(5, 4, 3),
	(5, 6, 5),
	(5, 7, 6),
	(5, 10, 9),
	(5, 13, 2),
	(5, 15, 4),
	(5, 18, 7),
	(5, 19, 8);
/*!40000 ALTER TABLE `ficha_criterios` ENABLE KEYS */;

-- Copiando estrutura para tabela db_cppd.grupo
CREATE TABLE IF NOT EXISTS `grupo` (
  `idgrupo` int(11) NOT NULL AUTO_INCREMENT,
  `nome` varchar(45) DEFAULT NULL,
  `descricao` varchar(255) DEFAULT NULL,
  PRIMARY KEY (`idgrupo`)
) ENGINE=InnoDB AUTO_INCREMENT=6 DEFAULT CHARSET=utf8;

-- Copiando dados para a tabela db_cppd.grupo: ~5 rows (aproximadamente)
/*!40000 ALTER TABLE `grupo` DISABLE KEYS */;
INSERT INTO `grupo` (`idgrupo`, `nome`, `descricao`) VALUES
	(1, 'Grupo I', 'Docentes exclusivamente em atividades de ensino, pesquisa e extensão.'),
	(2, 'Grupo II', 'Docentes em exercício exclusivo de cargo/função e/ou amparados pelo Art. 29, da Resolução CONSUP/IFSULDEMINAS nº 108/2014.'),
	(3, 'Grupo III', 'Docentes afastados com liberação integral para mestrado, doutorado ou pós-doutorado.'),
	(4, 'Grupo IV', 'Docentes em atividades de ensino, pesquisa e extensão e em exercício de cargo ou função e coordenadores.'),
	(5, 'Grupo V', 'Docentes em cooperação técnica');
/*!40000 ALTER TABLE `grupo` ENABLE KEYS */;

-- Copiando estrutura para tabela db_cppd.menu
CREATE TABLE IF NOT EXISTS `menu` (
  `idmenu` int(11) NOT NULL AUTO_INCREMENT,
  `categoria` varchar(45) DEFAULT NULL,
  `icone` varchar(45) DEFAULT NULL,
  `ordem` int(11) DEFAULT NULL,
  PRIMARY KEY (`idmenu`)
) ENGINE=InnoDB AUTO_INCREMENT=7 DEFAULT CHARSET=utf8;

-- Copiando dados para a tabela db_cppd.menu: ~3 rows (aproximadamente)
/*!40000 ALTER TABLE `menu` DISABLE KEYS */;
INSERT INTO `menu` (`idmenu`, `categoria`, `icone`, `ordem`) VALUES
	(3, 'Administração', 'fa fa-cog', 2),
	(4, 'Usuário e Permissão', 'fas fa-user-astronaut', 3),
	(5, 'Avaliação', 'far fa-file-alt', 1),
	(6, 'Gestão de Pessoas', 'fas fa-users-cog', 4);
/*!40000 ALTER TABLE `menu` ENABLE KEYS */;

-- Copiando estrutura para tabela db_cppd.nivel
CREATE TABLE IF NOT EXISTS `nivel` (
  `idnivel` int(11) NOT NULL AUTO_INCREMENT,
  `nivel` varchar(45) DEFAULT NULL,
  `classe_idclasse` int(11) NOT NULL,
  PRIMARY KEY (`idnivel`),
  KEY `fk_nivel_classe_idx` (`classe_idclasse`),
  CONSTRAINT `fk_nivel_classe` FOREIGN KEY (`classe_idclasse`) REFERENCES `classe` (`idclasse`) ON DELETE NO ACTION ON UPDATE NO ACTION
) ENGINE=InnoDB AUTO_INCREMENT=15 DEFAULT CHARSET=utf8;

-- Copiando dados para a tabela db_cppd.nivel: ~12 rows (aproximadamente)
/*!40000 ALTER TABLE `nivel` DISABLE KEYS */;
INSERT INTO `nivel` (`idnivel`, `nivel`, `classe_idclasse`) VALUES
	(1, '1', 1),
	(3, '2', 1),
	(4, '1', 2),
	(5, '2', 2),
	(6, '1', 3),
	(7, '2', 3),
	(8, '3', 3),
	(9, '4', 3),
	(10, '1', 4),
	(11, '2', 4),
	(12, '3', 4),
	(13, '4', 4),
	(14, 'Único', 5);
/*!40000 ALTER TABLE `nivel` ENABLE KEYS */;

-- Copiando estrutura para tabela db_cppd.papel
CREATE TABLE IF NOT EXISTS `papel` (
  `idpapel` int(11) NOT NULL AUTO_INCREMENT,
  `papel` varchar(45) DEFAULT NULL,
  `is_admin` tinyint(1) DEFAULT NULL,
  PRIMARY KEY (`idpapel`)
) ENGINE=InnoDB AUTO_INCREMENT=10 DEFAULT CHARSET=utf8;

-- Copiando dados para a tabela db_cppd.papel: ~5 rows (aproximadamente)
/*!40000 ALTER TABLE `papel` DISABLE KEYS */;
INSERT INTO `papel` (`idpapel`, `papel`, `is_admin`) VALUES
	(1, 'Administrador', 1),
	(6, 'RH', 0),
	(7, 'CPPD', 0),
	(8, 'Docente', 0),
	(9, 'Chefe Imediato', 0);
/*!40000 ALTER TABLE `papel` ENABLE KEYS */;

-- Copiando estrutura para tabela db_cppd.papel_usuario
CREATE TABLE IF NOT EXISTS `papel_usuario` (
  `papel_idpapel` int(11) NOT NULL,
  `usuario_idusuario` int(11) NOT NULL,
  PRIMARY KEY (`papel_idpapel`,`usuario_idusuario`),
  KEY `fk_papel_has_usuario_usuario1_idx` (`usuario_idusuario`),
  KEY `fk_papel_has_usuario_papel1_idx` (`papel_idpapel`),
  CONSTRAINT `fk_papel_has_usuario_papel1` FOREIGN KEY (`papel_idpapel`) REFERENCES `papel` (`idpapel`) ON DELETE CASCADE ON UPDATE NO ACTION,
  CONSTRAINT `fk_papel_has_usuario_usuario1` FOREIGN KEY (`usuario_idusuario`) REFERENCES `usuario` (`idusuario`) ON DELETE CASCADE ON UPDATE NO ACTION
) ENGINE=InnoDB DEFAULT CHARSET=utf8;

-- Copiando dados para a tabela db_cppd.papel_usuario: ~5 rows (aproximadamente)
/*!40000 ALTER TABLE `papel_usuario` DISABLE KEYS */;
INSERT INTO `papel_usuario` (`papel_idpapel`, `usuario_idusuario`) VALUES
	(6, 13),
	(7, 12),
	(8, 10),
	(8, 11),
	(9, 14);
/*!40000 ALTER TABLE `papel_usuario` ENABLE KEYS */;

-- Copiando estrutura para tabela db_cppd.privilegio
CREATE TABLE IF NOT EXISTS `privilegio` (
  `papel_idpapel` int(11) NOT NULL,
  `controller_idcontroller` int(11) NOT NULL,
  PRIMARY KEY (`papel_idpapel`,`controller_idcontroller`),
  KEY `fk_privilegio_papel1_idx` (`papel_idpapel`),
  KEY `fk_privilegio_controller1_idx` (`controller_idcontroller`),
  CONSTRAINT `fk_privilegio_controller1` FOREIGN KEY (`controller_idcontroller`) REFERENCES `controller` (`idcontroller`) ON DELETE CASCADE ON UPDATE NO ACTION,
  CONSTRAINT `fk_privilegio_papel1` FOREIGN KEY (`papel_idpapel`) REFERENCES `papel` (`idpapel`) ON DELETE CASCADE ON UPDATE NO ACTION
) ENGINE=InnoDB DEFAULT CHARSET=utf8;

-- Copiando dados para a tabela db_cppd.privilegio: ~14 rows (aproximadamente)
/*!40000 ALTER TABLE `privilegio` DISABLE KEYS */;
INSERT INTO `privilegio` (`papel_idpapel`, `controller_idcontroller`) VALUES
	(6, 14),
	(6, 33),
	(6, 34),
	(6, 36),
	(6, 40),
	(6, 45),
	(6, 48),
	(7, 14),
	(7, 34),
	(7, 47),
	(7, 48),
	(8, 43),
	(8, 44),
	(9, 46);
/*!40000 ALTER TABLE `privilegio` ENABLE KEYS */;

-- Copiando estrutura para tabela db_cppd.requerimento
CREATE TABLE IF NOT EXISTS `requerimento` (
  `idRequerimento` int(11) NOT NULL AUTO_INCREMENT,
  `texto` text DEFAULT NULL,
  `data` timestamp NULL DEFAULT current_timestamp(),
  `observacao` text NOT NULL,
  `status` varchar(45) DEFAULT 'ENVIAR REQUERIMENTO RH',
  `carreira_idcarreira` int(11) NOT NULL,
  `servidor_idservidor` int(11) NOT NULL,
  PRIMARY KEY (`idRequerimento`),
  KEY `fk_Requerimento_carreira1_idx` (`carreira_idcarreira`),
  KEY `fk_Requerimento_servidor1_idx` (`servidor_idservidor`),
  CONSTRAINT `fk_Requerimento_carreira1` FOREIGN KEY (`carreira_idcarreira`) REFERENCES `carreira` (`idcarreira`) ON DELETE NO ACTION ON UPDATE NO ACTION,
  CONSTRAINT `fk_Requerimento_servidor1` FOREIGN KEY (`servidor_idservidor`) REFERENCES `servidor` (`idservidor`) ON DELETE NO ACTION ON UPDATE NO ACTION
) ENGINE=InnoDB AUTO_INCREMENT=20 DEFAULT CHARSET=utf8;

-- Copiando dados para a tabela db_cppd.requerimento: ~1 rows (aproximadamente)
/*!40000 ALTER TABLE `requerimento` DISABLE KEYS */;
/*!40000 ALTER TABLE `requerimento` ENABLE KEYS */;

-- Copiando estrutura para tabela db_cppd.segmento
CREATE TABLE IF NOT EXISTS `segmento` (
  `idsegmento` int(11) NOT NULL AUTO_INCREMENT,
  `nome` varchar(45) DEFAULT NULL,
  PRIMARY KEY (`idsegmento`)
) ENGINE=InnoDB AUTO_INCREMENT=5 DEFAULT CHARSET=utf8;

-- Copiando dados para a tabela db_cppd.segmento: ~4 rows (aproximadamente)
/*!40000 ALTER TABLE `segmento` DISABLE KEYS */;
INSERT INTO `segmento` (`idsegmento`, `nome`) VALUES
	(1, 'Docente'),
	(2, 'TAE'),
	(3, 'Discente'),
	(4, 'Colaborador voluntário');
/*!40000 ALTER TABLE `segmento` ENABLE KEYS */;

-- Copiando estrutura para tabela db_cppd.servidor
CREATE TABLE IF NOT EXISTS `servidor` (
  `idservidor` int(11) NOT NULL AUTO_INCREMENT,
  `campi_idcampi` int(11) NOT NULL,
  `setor_idsetor` int(11) NOT NULL,
  `segmento_idsegmento` int(11) NOT NULL,
  `matricula` varchar(45) DEFAULT NULL,
  `nome` varchar(250) DEFAULT NULL,
  `email` varchar(250) DEFAULT NULL,
  `telefone` varchar(255) DEFAULT NULL,
  `foto` varchar(255) DEFAULT NULL,
  `ativo` enum('Sim','Não') DEFAULT 'Sim',
  `data_ingresso` date DEFAULT NULL,
  `grupo_idgrupo` int(11) NOT NULL,
  PRIMARY KEY (`idservidor`),
  KEY `fk_servidores_campi1_idx` (`campi_idcampi`),
  KEY `fk_servidores_segmento1_idx` (`segmento_idsegmento`),
  KEY `fk_servidor_grupo1_idx` (`grupo_idgrupo`),
  KEY `fk_servidor_setor1_idx` (`setor_idsetor`),
  CONSTRAINT `fk_servidor_grupo1` FOREIGN KEY (`grupo_idgrupo`) REFERENCES `grupo` (`idgrupo`) ON DELETE NO ACTION ON UPDATE NO ACTION,
  CONSTRAINT `fk_servidor_setor1` FOREIGN KEY (`setor_idsetor`) REFERENCES `setor` (`idsetor`) ON DELETE NO ACTION ON UPDATE NO ACTION,
  CONSTRAINT `fk_servidores_campi1` FOREIGN KEY (`campi_idcampi`) REFERENCES `campi` (`idcampi`) ON DELETE NO ACTION ON UPDATE NO ACTION,
  CONSTRAINT `fk_servidores_segmento1` FOREIGN KEY (`segmento_idsegmento`) REFERENCES `segmento` (`idsegmento`) ON DELETE NO ACTION ON UPDATE NO ACTION
) ENGINE=InnoDB AUTO_INCREMENT=1759 DEFAULT CHARSET=utf8;

-- Copiando dados para a tabela db_cppd.servidor: ~1.344 rows (aproximadamente)
/*!40000 ALTER TABLE `servidor` DISABLE KEYS */;
INSERT INTO `servidor` (`idservidor`, `campi_idcampi`, `setor_idsetor`, `segmento_idsegmento`, `matricula`, `nome`, `email`, `telefone`, `foto`, `ativo`, `data_ingresso`, `grupo_idgrupo`) VALUES
	(1, 1, 1, 1, '1283418', 'Ademir Jose Pereira', 'ademir.pereira@ifsuldeminas.edu.br', NULL, '', 'Sim', NULL, 0),
	(2, 1, 1, 1, '2398310', 'Aguinaldo Adolfo do Carmo', 'aguinaldo.carmo@ifsuldeminas.edu.br', NULL, '', 'Sim', NULL, 0),
	(3, 4, 4, 1, '2193530', 'Alessandro de Castro Borges', 'alessandro.borges@ifsuldeminas.edu.br', '(35) 3529-4863', '', 'Sim', NULL, 0),
	(4, 1, 1, 1, '2104592', 'Alexandre de Carvalho', 'alexandre.carvalho@ifsuldeminas.edu.br', NULL, '', 'Sim', NULL, 0),
	(5, 1, 1, 1, '1709011', 'Alison Geraldo Pacheco', 'alison.pacheco@ifsuldeminas.edu.br', '(35) 3464-1188', '', 'Sim', NULL, 0),
	(6, 1, 1, 1, '1275392', 'Ana Cristina Ferreira Moreira da Silva', 'ana.ferreira@ifsuldeminas.edu.br', '(35) 3464-1188', '', 'Sim', NULL, 0),
	(7, 1, 1, 1, '2995105', 'Andre da Cruz Franca Lema', 'andre.lema@ifsuldeminas.edu.br', NULL, '', 'Sim', NULL, 0),
	(8, 1, 1, 1, '1793017', 'Andre Luigi Amaral di Salvo', 'andre.amaral@ifsuldeminas.edu.br', NULL, '', 'Sim', NULL, 0),
	(9, 1, 1, 1, '2404643', 'Andreza Aparecida Ribeiro', 'andreza.ribeiro@ifsuldeminas.edu.br', NULL, '', 'Sim', NULL, 0),
	(10, 1, 1, 1, '1586357', 'Angelo Marcos Santos Oliveira', 'angelo.oliveira@ifsuldeminas.edu.br', '(35) 3464-1200', '', 'Sim', NULL, 0),
	(11, 1, 1, 1, '1055794', 'Antonio Carlos Abrao', 'antonio.abrao@ifsuldeminas.edu.br', NULL, '', 'Sim', NULL, 0),
	(12, 1, 1, 1, '49442', 'Antonio Carlos Vilas Boas', 'carlos.vilas@ifsuldeminas.edu.br', NULL, '', 'Sim', NULL, 0),
	(13, 1, 1, 1, '2840075', 'Antonio do Nascimento Gomes', 'antonio.gomes@ifsuldeminas.edu.br', '(35) 3464-1200', '', 'Sim', NULL, 0),
	(14, 1, 1, 1, '1905871', 'Barbara Marianne Maduro', 'barbara.maduro@ifsuldeminas.edu.br', '(35) 3464-1188', '', 'Sim', NULL, 0),
	(15, 1, 1, 1, '2104632', 'Carla Adriana Fernandes Alves Patronieri', 'carla.patronieri@ifsuldeminas.edu.br', '(35) 3464-1200', '', 'Sim', NULL, 0),
	(16, 1, 1, 1, '1748090', 'Carlos Cezar da Silva', 'carlos.silva@ifsuldeminas.edu.br', '(35) 3427-6600', '', 'Sim', NULL, 0),
	(17, 1, 1, 1, '6049522', 'Carlos Magno de Lima', 'carlos.lima@ifsuldeminas.edu.br', NULL, '', 'Sim', NULL, 0),
	(18, 1, 1, 1, '2358825', 'Carlos Reis', 'carlos.reis@ifsuldeminas.edu.br', NULL, '', 'Sim', NULL, 0),
	(19, 1, 1, 1, '1726889', 'Cezario Benedito Galvao', 'cezario.galvao@ifsuldeminas.edu.br', NULL, '', 'Sim', NULL, 0),
	(20, 1, 1, 1, '1143659', 'Cinelli Tardioli Mesquita', 'cinelli.mesquita@ifsuldeminas.edu.br', NULL, '', 'Sim', NULL, 0),
	(21, 1, 1, 1, '1209928', 'Cintia Zorattini', 'cintia.zorattini@ifsuldeminas.edu.br', NULL, '', 'Sim', NULL, 0),
	(22, 1, 1, 1, '1543609', 'Cleber Kouri de Souza', 'cleber.souza@ifsuldeminas.edu.br', NULL, '', 'Sim', NULL, 0),
	(23, 1, 1, 1, '2243503', 'Cleiton Lourenco de Oliveira', 'cleiton.oliveira@ifsuldeminas.edu.br', '(35) 3464-1200 - Ramal 39', '', 'Sim', NULL, 0),
	(24, 1, 1, 1, '253534', 'Constantina Dias Paparidis', 'constantina.paparidis@ifsuldeminas.edu.br', NULL, '', 'Sim', NULL, 0),
	(25, 1, 1, 1, '2717755', 'Cristal Rodrigues Recchia', 'cristal.recchia@ifsuldeminas.edu.br', NULL, '', 'Sim', NULL, 0),
	(26, 1, 1, 1, '1534144', 'Cristiane Cordeiro de Camargo', 'cristiane.camargo@ifsuldeminas.edu.br', NULL, '', 'Sim', NULL, 0),
	(27, 1, 1, 1, '1837725', 'Daniel Moreira Lupinacci', 'daniel.lupinacci@ifsuldeminas.edu.br', NULL, '', 'Sim', NULL, 0),
	(28, 1, 1, 1, '1283417', 'Delmo de Lima', 'delmo.lima@ifsuldeminas.edu.br', NULL, '', 'Sim', NULL, 0),
	(29, 1, 1, 1, '49480', 'Eder Clementino dos Santos', 'eder.clementino@ifsuldeminas.edu.br', '(35) 3464-1200', '', 'Não', NULL, 0),
	(30, 1, 1, 1, '2264665', 'Ediano Dionisio do Prado', 'ediano.prado@ifsuldeminas.edu.br', '-', '', 'Sim', NULL, 0),
	(31, 1, 1, 1, '49467', 'Edu Max da Silva', 'edu.max@ifsuldeminas.edu.br', '(35) 3464-1200', '', 'Não', NULL, 0),
	(32, 1, 1, 1, '2418876', 'Eloisa Jardim Barino Ferraz', 'eloisa.ferraz@ifsuldeminas.edu.br', NULL, '', 'Sim', NULL, 0),
	(33, 1, 1, 1, '1142626', 'Emanuelle Morais de Oliveira', 'emanuelle.oliveira@ifsuldeminas.edu.br', '(35) 3464-1200', '', 'Sim', NULL, 0),
	(34, 1, 1, 1, '2377454', 'Erica Aparecida Gelfuso Rossete', 'erica.rosseti@ifsuldeminas.edu.br', NULL, '', 'Não', NULL, 0),
	(35, 1, 1, 1, '1668354', 'Evando Luiz Coelho', 'evando.coelho@ifsuldeminas.edu.br', '(35) 3464-1200', '', 'Sim', NULL, 0),
	(36, 1, 1, 1, '2280101', 'Everaldo Rodrigues Ferreira', 'everaldo.ferreira@ifsuldeminas.edu.br', NULL, '', 'Sim', NULL, 0),
	(37, 1, 1, 1, '2411906', 'Fabiano do Amaral', 'fabiano.amaral@ifsuldeminas.edu.br', NULL, '', 'Não', NULL, 0),
	(38, 1, 1, 1, '1811805', 'Fabio Luiz Albarici', 'fabio.albarici@ifsuldeminas.edu.br', NULL, '', 'Sim', NULL, 0),
	(39, 1, 1, 1, '2079699', 'Fatima Saionara Leandro Brito', 'fatima.leandro@ifsuldeminas.edu.br', '(35) 3464-1200', '', 'Sim', NULL, 0),
	(40, 1, 1, 1, '1997810', 'Fernanda Aparecida Leonardi', 'fernanda.leonardi@ifsuldeminas.edu.br', '(35) 3464-1200', '', 'Sim', NULL, 0),
	(41, 1, 1, 1, '3483377', 'Fernanda Goes da Silva', 'fernanda.silva@ifsuldeminas.edu.br', NULL, '', 'Sim', NULL, 0),
	(42, 1, 1, 1, '2239576', 'Fernando da Silva Barbosa', 'fernando.barbosa@ifsuldeminas.edu.br', '(35) 3464-1200 - Ramal 38', '', 'Sim', NULL, 0),
	(43, 1, 1, 1, '1437577', 'Flavia de Floriani Pozza Rebello', 'flavia.rebello@ifsuldeminas.edu.br', '(35)3464-1223 - Ramal 44', '', 'Sim', NULL, 0),
	(44, 1, 1, 1, '1998434', 'Flaviane Aparecida de Sousa', 'flaviane.sousa@ifsuldeminas.edu.br', '(35) 3464-1200', '', 'Sim', NULL, 0),
	(45, 1, 1, 1, '1547483', 'Francisco Felipe Gomes de Sousa', 'francisco.souza@ifsuldeminas.edu.br', NULL, '', 'Sim', NULL, 0),
	(46, 1, 1, 1, '2841272', 'Geslaine Frimaio da Silva', 'geslaine.frimaio@ifsuldeminas.edu.br', '(35) 3427-6600', '', 'Sim', NULL, 0),
	(47, 1, 1, 1, '1885031', 'Hebe Perez de Carvalho', 'hebe.carvalho@ifsuldeminas.edu.br', '(35) 3464-1200', '', 'Sim', NULL, 0),
	(48, 1, 1, 1, '2326145', 'Herida dos Reis Silva', 'herida.silva@ifsuldeminas.edu.br', NULL, '', 'Sim', NULL, 0),
	(49, 1, 1, 1, '1031327', 'Igor Oliveira Lara', 'igor.lara@ifsuldeminas.edu.br', NULL, '', 'Sim', NULL, 0),
	(50, 1, 1, 1, '2423736', 'Isabel Angela Levenhagen Bustamante', 'isabel.bustamante@ifsuldeminas.edu.br', NULL, '', 'Sim', NULL, 0),
	(51, 1, 1, 1, '2995981', 'Ivan Paulino Pereira', 'ivan.pereira@ifsuldeminas.edu.br', NULL, 'u_51.jpg', 'Sim', NULL, 0),
	(52, 1, 1, 1, '1283416', 'Jamil de Morais Pereira', 'jamil.pereira@ifsuldeminas.edu.br', '(35) 3464-1200 - Ramal 41', '', 'Sim', NULL, 0),
	(53, 1, 1, 1, '1772126', 'Joao Batista Tavares Junior', 'joao.tavares@ifsuldeminas.edu.br', '(35) 3464-1200', '', 'Sim', NULL, 0),
	(54, 1, 1, 1, '1626530', 'Joao Paulo Lopes', 'joao.lopes@ifsuldeminas.edu.br', '(35) 3464-1200', '', 'Sim', NULL, 0),
	(55, 1, 1, 1, '1892801', 'Joao Paulo Rezende', 'joao.rezende@ifsuldeminas.edu.br', '(35) 3464-1200', '', 'Sim', NULL, 0),
	(56, 1, 1, 1, '2115219', 'Joelson Dayvison Veloso Hermes', 'joelson.hermes@ifsuldeminas.edu.br', '(35) 3464-1200', '', 'Sim', NULL, 0),
	(57, 1, 1, 1, '1929487', 'Jorge Alexandre Nogueira Santos', 'jorge.santos@ifsuldeminas.edu.br', '(35) 3464-1200', '', 'Sim', NULL, 0),
	(58, 1, 1, 1, '1781787', 'Jorge Ferreira Alencar Lima', 'jorge.alencar@ifsuldeminas.edu.br', '(35) 3464-1200', '', 'Não', NULL, 0),
	(59, 1, 1, 1, '1753311', 'Jose Hugo de Oliveira', 'jose.oliveira@ifsuldeminas.edu.br', NULL, '', 'Sim', NULL, 0),
	(60, 1, 1, 1, '1779844', 'Jose Luiz de Andrade Rezende Pereira', 'joseluiz.pereira@ifsuldeminas.edu.br', '(35) 3449-6185', '', 'Sim', NULL, 0),
	(61, 1, 1, 1, '2604270', 'Juliano da Silva Lima', 'juliano.lima@ifsuldeminas.edu.br', '(35) 3464-1200', '', 'Sim', NULL, 0),
	(62, 1, 1, 1, '1748144', 'Julierme Wagner da Penha', 'julierme.penha@ifsuldeminas.edu.br', NULL, '', 'Sim', NULL, 0),
	(63, 1, 1, 1, '1283423', 'Katia Regina de Carvalho Balieiro', 'katia.balieiro@ifsuldeminas.edu.br', NULL, '', 'Sim', NULL, 0),
	(64, 1, 1, 1, '1880439', 'Keila Miotto', 'keila.miotto@ifsuldeminas.edu.br', NULL, '', 'Sim', NULL, 0),
	(65, 1, 1, 1, '2151466', 'Kleber Marcelo da Silva Rezende', 'kleber.rezende@ifsuldeminas.edu.br', NULL, '', 'Sim', NULL, 0),
	(66, 1, 1, 1, '2077834', 'Lenise Grasiele de Oliveira Tavares', 'lenise.oliveira@ifsuldeminas.edu.br', NULL, '', 'Sim', NULL, 0),
	(67, 1, 1, 1, '1753317', 'Lidiane Teixeira Xavier Alves', 'lidiane.teixeira@ifsuldeminas.edu.br', NULL, '', 'Sim', NULL, 0),
	(68, 1, 1, 1, '1503498', 'Lilian Vilela Andrade Pinto', 'lilian.vilela@ifsuldeminas.edu.br', '(35) 3464-1432', '', 'Sim', NULL, 0),
	(69, 1, 1, 1, '2943452', 'Livia Carolina Vieira', 'livia.vieira@ifsuldeminas.edu.br', NULL, '', 'Sim', NULL, 0),
	(70, 1, 1, 1, '1205866', 'Lucia Ferreira', 'lucia.ferreira@ifsuldeminas.edu.br', '(35) 3464-1200', '', 'Sim', NULL, 0),
	(71, 1, 1, 1, '2104601', 'Luciana Faria', 'luciana.faria@ifsuldeminas.edu.br', '(35) 3464-1200', '', 'Sim', NULL, 0),
	(72, 1, 1, 1, '2065534', 'Luciano Aparecido Barbosa', 'luciano.barbosa@ifsuldeminas.edu.br', NULL, '', 'Sim', NULL, 0),
	(73, 1, 1, 1, '2760784', 'Luis Carlos Negri', 'luis.negri@ifsuldeminas.edu.br', '(35) 3464-1200', '', 'Sim', NULL, 0),
	(74, 1, 1, 1, '1503495', 'Luiz Carlos Dias da Rocha', 'luiz.rocha@ifsuldeminas.edu.br', '(35) 3464-1432', '', 'Sim', NULL, 0),
	(75, 1, 1, 1, '1748573', 'Luiz Flavio Reis Fernandes', 'luiz.flavio@ifsuldeminas.edu.br', NULL, '', 'Sim', NULL, 0),
	(76, 1, 1, 1, '3932630', 'Magno de Souza Rocha', 'magno.rocha@ifsuldeminas.edu.br', '(35) 3464-1200', '', 'Sim', NULL, 0),
	(77, 1, 1, 1, '1965222', 'Marcelo Augusto dos Reis', 'marcelo.reis@ifsuldeminas.edu.br', '(35) 3464-1200', '', 'Sim', NULL, 0),
	(78, 1, 1, 1, '1220524', 'Marcia Rodrigues Machado', 'marcia.machado@ifsuldeminas.edu.br', NULL, '', 'Sim', NULL, 0),
	(79, 1, 1, 1, '2916022', 'Marcio Luiz da Silva', 'marcio.silva@ifsuldeminas.edu.br', '(35) 3464-1200', '', 'Sim', NULL, 0),
	(80, 1, 1, 1, '2359220', 'Marco Aurelio Dessimoni Dias', 'marco.dias@ifsuldeminas.edu.br', NULL, '', 'Sim', NULL, 0),
	(81, 1, 1, 1, '2328586', 'Marcos Aurelio Basso', 'marcos.basso@ifsuldeminas.edu.br', NULL, '', 'Sim', NULL, 0),
	(82, 1, 1, 1, '2920998', 'Marcos Magalhaes de Souza', 'marcos.souza@ifsuldeminas.edu.br', '(35)3464-1200 - Ramal 30', '', 'Sim', NULL, 0),
	(83, 1, 1, 1, '2405065', 'Marcos Renato Holtz de Almeida', 'marcos.holtz@ifsuldeminas.edu.br', NULL, '', 'Sim', NULL, 0),
	(84, 1, 1, 1, '3995478', 'Marcus Fernandes Marcusso', 'marcus.marcusso@ifsuldeminas.edu.br', NULL, '', 'Sim', NULL, 0),
	(85, 1, 1, 1, '1570128', 'Marcus Henriques da Silva', 'marcus.silva@ifsuldeminas.edu.br', NULL, '', 'Sim', NULL, 0),
	(86, 1, 1, 1, '2440933', 'Maria de Fatima de Freitas Bueno Marcilio', 'fatima.bueno@ifsuldeminas.edu.br', '(35)3464-1200', '', 'Sim', NULL, 0),
	(87, 1, 1, 1, '2412516', 'Marialva Alvarenga Moreira', 'marialva.moreira@ifsuldeminas.edu.br', NULL, '', 'Sim', NULL, 0),
	(88, 1, 1, 1, '1628197', 'Mariana Borges de Lima Dutra', 'mariana.dutra@ifsuldeminas.edu.br', '(35) 3464-1200', '', 'Sim', NULL, 0),
	(89, 1, 1, 1, '1000162', 'Mark Pereira dos Anjos', 'mark.anjos@ifsuldeminas.edu.br', NULL, '', 'Sim', NULL, 0),
	(90, 1, 1, 1, '1105631', 'Max Wilson Oliveira', 'max.oliveira@ifsuldeminas.edu.br', NULL, '', 'Sim', NULL, 0),
	(91, 1, 1, 1, '1784459', 'Melissa Salaro Bresci', 'melissa.bresci@ifsuldeminas.edu.br', NULL, '', 'Sim', NULL, 0),
	(92, 1, 1, 1, '1279011', 'Miguel Angel Isaac Toledo Del Pino', 'miguel.toledo@ifsuldeminas.edu.br', NULL, '', 'Sim', NULL, 0),
	(93, 1, 1, 1, '1605838', 'Mosar Faria Botelho', 'mosar.botelho@ifsuldeminas.edu.br', NULL, '', 'Sim', NULL, 0),
	(94, 1, 1, 1, '1618400', 'Nilton Luiz Souto', 'nilton.souto@ifsuldeminas.edu.br', '(35) 3464-1178', '', 'Sim', NULL, 0),
	(95, 1, 1, 1, '2189274', 'Oswaldo Kameyama', 'oswaldo.kameyama@ifsuldeminas.edu.br', '(35) 3464-1188 - Ramal 45', '', 'Sim', NULL, 0),
	(96, 1, 1, 1, '1785738', 'Paula Inacio Coelho', 'paula.inacio@ifsuldeminas.edu.br', NULL, '', 'Sim', NULL, 0),
	(97, 1, 1, 1, '2067559', 'Paulo Augusto Ferreira Borges', 'paulo.borges@ifsuldeminas.edu.br', NULL, '', 'Sim', NULL, 0),
	(98, 1, 1, 1, '2358143', 'Paulo Cesar Xavier Duarte', 'paulo.duarte@ifsuldeminas.edu.br', NULL, '', 'Sim', NULL, 0),
	(99, 1, 1, 1, '49481', 'Paulo Roberto Ceccon', 'paulo.ceccon@ifsuldeminas.edu.br', NULL, '', 'Sim', NULL, 0),
	(100, 1, 1, 1, '2413043', 'Plinio Marcos Piccin Benedito', 'plinio.piccin@ifsuldeminas.edu.br', NULL, '', 'Sim', NULL, 0),
	(101, 1, 1, 1, '1856430', 'Rafael Cesar Bolleli Faria', 'rafael.bolleli@ifsuldeminas.edu.br', '(35) 3464-1200', '', 'Sim', NULL, 0),
	(102, 1, 1, 1, '2855114', 'Renata Beatriz Klehm', 'renata.klehm@ifsuldeminas.edu.br', '(35) 3464-1200', '', 'Sim', NULL, 0),
	(103, 1, 1, 1, '1193091', 'Rita de Cassia Souza Felix', 'rita.batista@ifsuldeminas.edu.br', NULL, '', 'Sim', NULL, 0),
	(104, 1, 1, 1, '2222291', 'Roberta Bonamichi Guidi Garcia', 'roberta.garcia@ifsuldeminas.edu.br', NULL, '', 'Sim', NULL, 0),
	(105, 1, 1, 1, '3241264', 'Roberto Marin Viestel', 'roberto.marin@ifsuldeminas.edu.br', '(35) 3464-1200', '', 'Sim', NULL, 0),
	(106, 1, 1, 1, '1503496', 'Rodrigo Palomo de Oliveira', 'rodrigo.palomo@ifsuldeminas.edu.br', NULL, '', 'Sim', NULL, 0),
	(107, 1, 1, 1, '1906261', 'Selma Gouvea de Barros', 'selma.barros@ifsuldeminas.edu.br', NULL, '', 'Sim', NULL, 0),
	(108, 1, 1, 1, '2823282', 'Sindynara Ferreira', 'sindynara.ferreira@ifsuldeminas.edu.br', '(35) 3464-1188', '', 'Sim', NULL, 0),
	(109, 1, 1, 1, '2520935', 'Soraia Almeida Barros', 'soraia.barros@ifsuldeminas.edu.br', NULL, '', 'Sim', NULL, 0),
	(110, 2, 2, 1, '2717732', 'Telma de Lima', 'telma.souza@ifsuldeminas.edu.br', NULL, '', 'Sim', NULL, 0),
	(111, 1, 1, 1, '2412018', 'Ulisses Toshiro Sugahara', 'ulisses.sugahara@ifsuldeminas.edu.br', NULL, '', 'Sim', NULL, 0),
	(112, 1, 1, 1, '1002488', 'Valdir Barbosa da Silva Junior', 'valdir.junior@ifsuldeminas.edu.br', NULL, '', 'Sim', NULL, 0),
	(113, 1, 1, 1, '1275388', 'Veronica Soares de Paula Morais', 'veronica.morais@ifsuldeminas.edu.br', '(35) 3464-1200 / 3464-1188', '', 'Sim', NULL, 0),
	(114, 1, 1, 1, '1787741', 'Vinicius Ferreira de Souza', 'vinicius.souza@ifsuldeminas.edu.br', NULL, '', 'Sim', NULL, 0),
	(115, 1, 1, 1, '1782307', 'Wallace Ribeiro Correa', 'wallace.correa@ifsuldeminas.edu.br', '(35) 3464-1200', '', 'Sim', NULL, 0),
	(116, 2, 2, 1, '2492658', 'Ademir Duzi Moraes', 'ademir.moraes@ifsuldeminas.edu.br', NULL, '', 'Sim', NULL, 0),
	(117, 2, 2, 1, '1541919', 'Alex Uzeda de Magalhaes', 'alex.uzeda@ifsuldeminas.edu.br', NULL, '', 'Sim', NULL, 0),
	(118, 2, 2, 1, '1173895', 'Alexandre Tavares Ferreira', 'alexandre.ferreira@ifsuldeminas.edu.br', NULL, '', 'Sim', NULL, 0),
	(119, 2, 2, 1, '2411412', 'Alianda Dantas de Oliveira', 'alianda.oliveira@ifsuldeminas.edu.br', NULL, '', 'Sim', NULL, 0),
	(120, 2, 2, 1, '1894808', 'Aline Fernandes da Silva Reno', 'aline.reno@ifsuldeminas.edu.br', NULL, '', 'Sim', NULL, 0),
	(121, 2, 2, 1, '2417449', 'Aline Luiza da Cunha', 'aline.cunha@ifsuldeminas.edu.br', NULL, '', 'Sim', NULL, 0),
	(122, 2, 2, 1, '1669083', 'Aline Manke Nachtigall', 'aline.manke@ifsuldeminas.edu.br', '(35) 3295-9700 ou (35) 3295-9730', '', 'Sim', NULL, 0),
	(123, 2, 2, 1, '2326975', 'Anderson William Dominghetti', 'anderson.dominghetti@ifsuldeminas.edu.br', NULL, '', 'Sim', NULL, 0),
	(124, 2, 2, 1, '2620017', 'Andre Delly Veiga', 'andre.veiga@ifsuldeminas.edu.br', NULL, '', 'Sim', NULL, 0),
	(125, 2, 2, 1, '2840669', 'Andre Luiz Neves', 'andre.neves@ifsuldeminas.edu.br', NULL, '', 'Sim', NULL, 0),
	(126, 2, 2, 1, '1911427', 'Ariane Borges de Figueiredo', 'ariane.borges@ifsuldeminas.edu.br', '(35) 3295–9701', '', 'Sim', NULL, 0),
	(127, 2, 2, 1, '1601045', 'Brigida Monteiro Vilas Boas', 'brigida.monteiro@ifsuldeminas.edu.br', '(35) 3295-9700 - Ramal 9785', '', 'Sim', NULL, 0),
	(128, 2, 2, 1, '1130422', 'Bruno Oliveira Tardin', 'bruno.tardin@ifsuldeminas.edu.br', NULL, '', 'Sim', NULL, 0),
	(129, 2, 2, 1, '1907617', 'Carlos Henrique Paulino', 'carlos.paulino@ifsuldeminas.edu.br', NULL, '', 'Sim', NULL, 0),
	(130, 2, 2, 1, '1528830', 'Carlos Henrique Rodrigues Reinato', 'carlos.reinato@ifsuldeminas.edu.br', '(35) 3295-9700', '', 'Sim', NULL, 0),
	(131, 2, 2, 1, '1790551', 'Carmen Lucia de Brito Lambert', 'carmen.lambert@ifsuldeminas.edu.br', NULL, '', 'Sim', NULL, 0),
	(132, 2, 2, 1, '2998540', 'Caroline Ferreira Cunha Santos', 'caroline.santos@ifsuldeminas.edu.br', NULL, '', 'Sim', NULL, 0),
	(133, 2, 2, 1, '2439732', 'Cleber Avila Barbosa', 'cleber.barbosa@ifsuldeminas.edu.br', NULL, '', 'Sim', NULL, 0),
	(134, 2, 2, 1, '1785136', 'Cloves Gomes de Carvalho Filho', 'cloves.filho@ifsuldeminas.edu.br', NULL, '', 'Sim', NULL, 0),
	(135, 2, 2, 1, '2440896', 'Cristina Carvalho de Almeida', 'cristina.almeida@ifsuldeminas.edu.br', '(35) 3295-9700', '', 'Sim', NULL, 0),
	(136, 2, 2, 1, '2672550', 'Daiane Moreira Silva', 'daiane.moreira@ifsuldeminas.edu.br', NULL, '', 'Sim', NULL, 0),
	(137, 2, 2, 1, '2241000', 'Dalilla Carvalho Rezende', 'dalilla.rezende@ifsuldeminas.edu.br', NULL, '', 'Sim', NULL, 0),
	(138, 2, 2, 1, '3568909', 'Daniela Augusta Guimaraes Dias', 'daniela.dias@ifsuldeminas.edu.br', '(35) 3295-9700', '', 'Sim', NULL, 0),
	(139, 2, 2, 1, '1666617', 'Davidson de Oliveira Rodrigues', 'davidson.rodrigues@ifsuldeminas.edu.br', '(35) 3295-9700', '', 'Sim', NULL, 0),
	(140, 2, 2, 1, '2604160', 'Dayanny Carvalho Lopes Alves', 'dayanny.lopes@ifsuldeminas.edu.br', '(35) 3295-9700', '', 'Sim', NULL, 0),
	(141, 2, 2, 1, '2394998', 'Deliane Cristina Costa', 'deliane.costa@ifsuldeminas.edu.br', NULL, '', 'Sim', NULL, 0),
	(142, 2, 2, 1, '2411278', 'Denis Paiva Ramos', 'denis.ramos@ifsuldeminas.edu.br', NULL, '', 'Sim', NULL, 0),
	(143, 2, 2, 1, '1096000', 'Dulcimara Carvalho Nannetti', 'dulcimara.nannetti@ifsuldeminas.edu.br', '(35) 3295-9700', '', 'Sim', NULL, 0),
	(144, 2, 2, 1, '1181200', 'Edson Rubens da Silva Leite', 'edson.leite@ifsuldeminas.edu.br', NULL, '', 'Sim', NULL, 0),
	(145, 2, 2, 1, '2277474', 'Eduardo Costa Sepini', 'eduardo.sepini@ifsuldeminas.edu.br', '(35) 3295-9700', '', 'Sim', NULL, 0),
	(146, 2, 2, 1, '1759233', 'Eduardo Pereira Ramos', 'eduardo.ramos@ifsuldeminas.edu.br', NULL, '', 'Sim', NULL, 0),
	(147, 2, 2, 1, '2760521', 'Eliane dos Santos Corsini Lucas', 'eliane.corsini@ifsuldeminas.edu.br', NULL, '', 'Sim', NULL, 0),
	(148, 2, 2, 1, '4441870', 'Elizangeli Fatima Serafini de Carvalho', 'elizangeli.carvalho@ifsuldeminas.edu.br', NULL, '', 'Sim', NULL, 0),
	(149, 2, 2, 1, '2170659', 'Emerson Assis de Carvalho', 'emerson.carvalho@ifsuldeminas.edu.br', '(35) 3295-9700', '', 'Sim', NULL, 0),
	(150, 2, 2, 1, '2442203', 'Fabio dos Santos Corsini', 'fabio.corsini@ifsuldeminas.edu.br', '(35) 3295-9700', '', 'Sim', NULL, 0),
	(151, 2, 2, 1, '2919072', 'Fabio Junior Alves', 'fabio.alves@ifsuldeminas.edu.br', '(35) 3295-9700', '', 'Sim', NULL, 0),
	(152, 2, 2, 1, '1781048', 'Flavia Bernardes Duarte', 'flavia.duarte@ifsuldeminas.edu.br', NULL, '', 'Sim', NULL, 0),
	(153, 2, 2, 1, '2319253', 'Flavio de Paula Martins', 'flavio.martins@ifsuldeminas.edu.br', NULL, '', 'Sim', NULL, 0),
	(154, 2, 2, 1, '1053832', 'Geveraldo Maciel', 'geveraldo.maciel@ifsuldeminas.edu.br', NULL, '', 'Sim', NULL, 0),
	(155, 2, 2, 1, '2221265', 'Gilson Ferreira de Morais', 'gilson.moraes@ifsuldeminas.edu.br', NULL, '', 'Sim', NULL, 0),
	(156, 2, 2, 1, '1601610', 'Gustavo Augusto de Andrade', 'gustavo.andrade@ifsuldeminas.edu.br', NULL, '', 'Sim', NULL, 0),
	(157, 2, 2, 1, '4279971', 'Hagar Ceriane Costa Corsini Maciel', 'hagar.maciel@ifsuldeminas.edu.br', NULL, '', 'Sim', NULL, 0),
	(158, 2, 2, 1, '2104911', 'Herbert Faria Pinto', 'herbert.faria@ifsuldeminas.edu.br', NULL, '', 'Sim', NULL, 0),
	(159, 2, 2, 1, '1504940', 'Ivan Franco Caixeta', 'ivan.caixeta@ifsuldeminas.edu.br', '(35) 3295-9713', '', 'Sim', NULL, 0),
	(160, 2, 2, 1, '2221270', 'Joao Afonso de Carvalho', 'joao.carvalho@ifsuldeminas.edu.br', NULL, '', 'Sim', NULL, 0),
	(161, 2, 2, 1, '2333939', 'Joao Roberto Caixeta', 'joao.caixeta@ifsuldeminas.edu.br', '(35) 3295-9700', '', 'Sim', NULL, 0),
	(162, 2, 2, 1, '1906357', 'Jose Antonio Dias Garcia', 'jose.garcia@ifsuldeminas.edu.br', '(35) 3297-9500', '', 'Sim', NULL, 0),
	(163, 2, 2, 1, '1669086', 'Jose Pereira da Silva Junior', 'jose.pereira@ifsuldeminas.edu.br', '(35) 3295-9701', '', 'Sim', NULL, 0),
	(164, 2, 2, 1, '1046809', 'Julio Cesar de Carvalho', 'julio.carvalho@ifsuldeminas.edu.br', NULL, '', 'Sim', NULL, 0),
	(165, 2, 2, 1, '2415302', 'Kaio Goncalves de Lima Dias', 'kaio.dias@ifsuldeminas.edu.br', NULL, '', 'Sim', NULL, 0),
	(166, 2, 2, 1, '2411963', 'Karina Caixeta Scalco', 'karina.scalco@ifsuldeminas.edu.br', NULL, '', 'Sim', NULL, 0),
	(167, 2, 2, 1, '2291622', 'Karina de Kassia Abreu', 'karina.abreu@hotmail.com', NULL, '', 'Não', NULL, 0),
	(168, 2, 2, 1, '3139392', 'Karla Palmieri Tavares', 'karla.tavares@ifsuldeminas.edu.br', '(35) 3295-9701 - Ramal 9687', '', 'Sim', NULL, 0),
	(169, 2, 2, 1, '1540003', 'Katia Alves Campos', 'katia.campos@ifsuldeminas.edu.br', '(35) 3295-9700', '', 'Sim', NULL, 0),
	(170, 2, 2, 1, '2760452', 'Kellen Cristina Masaro Carvalho', 'kellen.carvalho@ifsuldeminas.edu.br', NULL, '', 'Sim', NULL, 0),
	(171, 2, 2, 1, '1540790', 'Leandro Carlos Paiva', 'leandro.paiva@ifsuldeminas.edu.br', '(35) 3295-9713', '', 'Sim', NULL, 0),
	(172, 2, 2, 1, '2095988', 'Leda Goncalves Fernandes', 'leda.fernandes@ifsuldeminas.edu.br', '(35) 3295-9701', '', 'Sim', NULL, 0),
	(173, 2, 2, 1, '2684595', 'Leonardo Rubim Reis', 'leonardo.reis@ifsuldeminas.edu.br', '(35) 3295-9700', '', 'Sim', NULL, 0),
	(174, 2, 2, 1, '2277074', 'Leticia Gomes de Morais Amaral', 'leticia.amaral@ifsuldeminas.edu.br', '(35) 3295-9681', '', 'Sim', NULL, 0),
	(175, 2, 2, 1, '1541867', 'Leticia Sepini Batista', 'leticia.sepini@ifsuldeminas.edu.br', NULL, '', 'Sim', NULL, 0),
	(176, 2, 2, 1, '1900767', 'Lidiany dos Santos Soares', 'lidiany.soares@ifsuldeminas.edu.br', '(35) 3295-9700', '', 'Sim', NULL, 0),
	(177, 2, 2, 1, '2415100', 'Ligia Maria Stefanelli Silva', 'ligia.silva@ifsuldeminas.edu.br', NULL, '', 'Sim', NULL, 0),
	(178, 2, 2, 1, '1262035', 'Lucas Lima de Resende', 'lucas.resende@ifsuldeminas.edu.br', NULL, '', 'Sim', NULL, 0),
	(179, 2, 2, 1, '2564747', 'Luciano Pereira Carvalho', 'luciano.carvalho@ifsuldeminas.edu.br', '(35)3295-9719', '', 'Sim', NULL, 0),
	(180, 2, 2, 1, '1103819', 'Luis Eduardo de Sousa Raats', 'luiz.raats@ifsuldeminas.edu.br', NULL, '', 'Sim', NULL, 0),
	(181, 2, 2, 1, '1187416', 'Luis Eduardo Sarto', 'luis.sarto@ifsuldeminas.edu.br', NULL, '', 'Sim', NULL, 0),
	(182, 2, 2, 1, '1543454', 'Luis Gonzaga de Araujo', 'luis.araujo@ifsuldeminas.edu.br', NULL, '', 'Sim', NULL, 0),
	(183, 2, 2, 1, '1958182', 'Marcela Costa Rocha', 'marcela.rocha@ifsuldeminas.edu.br', '(35) 3295-9700', '', 'Sim', NULL, 0),
	(184, 2, 2, 1, '1176308', 'Marcelo Leite', 'marcelo.leite@ifsuldeminas.edu.br', '(35) 3295-9701', '', 'Sim', NULL, 0),
	(185, 2, 2, 1, '2411325', 'Marcos Fabricio Campos Tavares', 'marcos.tavares@ifsuldeminas.edu.br', NULL, '', 'Sim', NULL, 0),
	(186, 2, 2, 1, '1736724', 'Maria Aparecida Rodrigues Cangussu', 'extensao.machado@ifsuldeminas.edu.br', NULL, '', 'Sim', NULL, 0),
	(187, 2, 2, 1, '1778666', 'Maria de Lourdes Lima Bragion', 'lima.bragion@ifsuldeminas.edu.br', NULL, '', 'Sim', NULL, 0),
	(188, 2, 2, 1, '1669084', 'Maria Liliana Costa', 'liliana.costa@ifsuldeminas.edu.br', NULL, '', 'Sim', NULL, 0),
	(189, 2, 2, 1, '1673750', 'Matheus Eloy Franco', 'matheus.franco@ifsuldeminas.edu.br', '(35) 3295-9700 - Ramal 70', '', 'Sim', NULL, 0),
	(190, 2, 2, 1, '1781013', 'Michele Correa Freitas Soares', 'michele.soares@ifsuldeminas.edu.br', NULL, '', 'Sim', NULL, 0),
	(191, 2, 2, 1, '2380791', 'Nathalia Pacheco dos Santos', 'nathalia.santos@ifsuldeminas.edu.br', NULL, '', 'Sim', NULL, 0),
	(192, 2, 2, 1, '1737665', 'Neiva Maria Batista Vieira', 'neiva.vieira@ifsuldeminas.edu.br', NULL, '', 'Sim', NULL, 0),
	(193, 2, 2, 1, '1737049', 'Nikolas de Oliveira Amaral', 'nikolas.amaral@ifsuldeminas.edu.br', '(35) 3295-9666', '', 'Sim', NULL, 0),
	(194, 2, 2, 1, '2839693', 'Nivaldo Bragion', 'nivaldo.bragion@ifsuldeminas.edu.br', '(35) 3295-9700', '', 'Sim', NULL, 0),
	(195, 2, 2, 1, '1905917', 'Patricia de Oliveira Alvim Veiga', 'patricia.veiga@ifsuldeminas.edu.br', '(35) 3295-9700', '', 'Sim', NULL, 0),
	(196, 2, 2, 1, '1893265', 'Paulize Honorato Ramos', 'paulize.ramos@ifsuldeminas.edu.br', NULL, '', 'Sim', NULL, 0),
	(197, 2, 2, 1, '2415278', 'Paulo Henrique de Melo', 'paulo.melo@ifsuldeminas.edu.br', NULL, '', 'Sim', NULL, 0),
	(198, 2, 2, 1, '1803698', 'Pedro Luiz Costa Carvalho', 'pedro.carvalho@ifsuldeminas.edu.br', NULL, '', 'Sim', NULL, 0),
	(199, 2, 2, 1, '1669081', 'Peterson Pereira de Oliveira', 'peterson.oliveira@ifsuldeminas.edu.br', NULL, '', 'Sim', NULL, 0),
	(200, 2, 2, 1, '3802198', 'Poliana Ester da Silva', 'poliana.silva@ifsuldeminas.edu.br', '(35) 3295-9700', '', 'Sim', NULL, 0),
	(201, 2, 2, 1, '2327340', 'Renata Maculan', 'renata.maculan@ifsuldeminas.edu.br', NULL, '', 'Sim', NULL, 0),
	(202, 2, 2, 1, '2760815', 'Renata Mara de Souza', 'renata.souza@ifsuldeminas.edu.br', NULL, '', 'Sim', NULL, 0),
	(203, 2, 2, 1, '1787019', 'Renato Alves Coelho', 'renato.coelho@ifsuldeminas.edu.br', NULL, '', 'Sim', NULL, 0),
	(204, 2, 2, 1, '53727', 'Renato Ferreira de Oliveira', 'renato.oliveira@ifsuldeminas.edu.br', NULL, '', 'Sim', NULL, 0),
	(205, 2, 2, 1, '2334209', 'Renato Magalhaes de Carvalho', 'renato.carvalho@ifsuldeminas.edu.br', NULL, '', 'Sim', NULL, 0),
	(206, 2, 2, 1, '53065', 'Roberto Camilo Orfao Morais', 'roberto.morais@ifsuldeminas.edu.br', NULL, '', 'Sim', NULL, 0),
	(207, 2, 2, 1, '1543502', 'Roberto Luiz de Azevedo', 'roberto.azevedo@ifsuldeminas.edu.br', '(35) 3295-9700', '', 'Sim', NULL, 0),
	(208, 2, 2, 1, '2994935', 'Rosane Marcal da Silva', 'rosane.silva@ifsuldeminas.edu.br', NULL, '', 'Sim', NULL, 0),
	(209, 2, 2, 1, '1751518', 'Rosicler Aparecida de Oliveira Reinato', 'rosicler.reinato@ifsuldeminas.edu.br', NULL, '', 'Sim', NULL, 0),
	(210, 2, 2, 1, '1739225', 'Saul Jorge Pinto de Carvalho', 'saul.carvalho@ifsuldeminas.edu.br', '(35) 3295-9700 - Ramal 9673', '', 'Sim', NULL, 0),
	(211, 2, 2, 1, '1781181', 'Sergio Murilo Lucas', 'sergio.lucas@ifsuldeminas.edu.br', NULL, '', 'Sim', NULL, 0),
	(212, 5, 5, 1, '1296953', 'Sergio Pedini', 'sergio.pedini@ifsuldeminas.edu.br', '(35) 3697-4950', '', 'Sim', NULL, 0),
	(213, 2, 2, 1, '1578854', 'Silvana da Silva', 'silvana.dasilva@ifsuldeminas.edu.br', '(35) 3295-9700', '', 'Sim', NULL, 0),
	(214, 2, 2, 1, '1741178', 'Sue Ellen Ester Queiroz', 'sue.queiroz@ifsuldeminas.edu.br', '(35) 3295-9700', '', 'Sim', NULL, 0),
	(215, 2, 2, 1, '2357343', 'Tamires Galvao Tavares Pereira', 'tamires.pereira@ifsuldeminas.edu.br', NULL, '', 'Sim', NULL, 0),
	(216, 2, 2, 1, '2326587', 'Thiago Bernardes Fernandes Jorge', 'thiago.jorge@ifsuldeminas.edu.br', NULL, '', 'Sim', NULL, 0),
	(217, 2, 2, 1, '1672808', 'Tulio Marcos Dias da Silva', 'tulio.dias@ifsuldeminas.edu.br', NULL, '', 'Sim', NULL, 0),
	(218, 2, 2, 1, '2085784', 'Vanderley Almeida Silva', 'vanderley.almeida@ifsuldeminas.edu.br', NULL, '', 'Sim', NULL, 0),
	(219, 2, 2, 1, '1954568', 'Vanderson Rabelo de Paula', 'vanderson.paula@ifsuldeminas.edu.br', '(35) 3295-9700', '', 'Sim', NULL, 0),
	(220, 2, 2, 1, '2467287', 'Vera Lucia Araujo Leite', 'vera.leite@ifsuldeminas.edu.br', '(35) 3295-9701 - Ramal 9720', '', 'Sim', NULL, 0),
	(221, 2, 2, 1, '1851432', 'Walnir Gomes Ferreira Junior', 'walnir.ferreira@ifsuldeminas.edu.br', '(35) 3295-9701 - Ramal 9687', '', 'Sim', NULL, 0),
	(222, 2, 2, 1, '2519829', 'Wellington Marota Barbosa', 'wellington.marota@ifsuldeminas.edu.br', '(35) 3295-9700 - Ramal 9788', '', 'Sim', NULL, 0),
	(223, 2, 2, 1, '2995574', 'Willian Alves de Oliveira', 'willian.oliveira@ifsuldeminas.edu.br', NULL, '', 'Sim', NULL, 0),
	(224, 3, 3, 1, '1192258', 'Agda Silva Prado Oliveira', 'agda.oliveira@ifsuldeminas.edu.br', NULL, '', 'Sim', NULL, 0),
	(225, 3, 3, 1, '2410926', 'Ailton Trindade da Silva', 'ailton.silva@ifsuldeminas.edu.br', NULL, '', 'Sim', NULL, 0),
	(226, 3, 3, 1, '2516589', 'Alberto Donizete Alves', 'alberto.alves@ifsuldeminas.edu.br', NULL, '', 'Sim', NULL, 0),
	(227, 3, 3, 1, '2522359', 'Alessandra Lima Santos Sandi', 'alessandra.sandi@ifsuldeminas.edu.br', NULL, '', 'Sim', NULL, 0),
	(228, 3, 3, 1, '2868018', 'Aline Marques Del Valle', 'aline.valle@ifsuldeminas.edu.br', NULL, '', 'Não', NULL, 0),
	(229, 3, 3, 1, '2380755', 'Ana Claudia de Souza Costa', 'aclau35@gmail.com', NULL, '', 'Não', NULL, 0),
	(230, 3, 3, 1, '2319268', 'Ana Cristina Campos Prado Teixeira', 'cristina.teixeira@ifsuldeminas.edu.br', NULL, '', 'Sim', NULL, 0),
	(231, 3, 3, 1, '2274218', 'Ana Paula Alonso Reis', 'anapaula.reis@ifsuldeminas.edu.br', '(35) 3571-5100', '', 'Sim', NULL, 0),
	(232, 3, 3, 1, '2277089', 'Andre Luis Correa', 'andre.correa@ifsuldeminas.edu.br', '(35) 3571-5051', '', 'Sim', NULL, 0),
	(233, 3, 3, 1, '1367326', 'Anna Lygia de Rezende Maciel', 'anna.lygia@ifsuldeminas.edu.br', NULL, '', 'Sim', NULL, 0),
	(234, 3, 3, 1, '1566251', 'Aracele Garcia de Oliveira Fassbinder', 'aracele.garcia@ifsuldeminas.edu.br', '(35) 3571-5130', '', 'Sim', NULL, 0),
	(235, 3, 3, 1, '1668274', 'Ariana Vieira Silva', 'ariana.silva@muz.ifsuldeminas.edu.br', '(35) 3571-5051', '', 'Sim', NULL, 0),
	(236, 3, 3, 1, '1906363', 'Arionaldo de Sa Junior', 'arionaldo.sa@ifsuldeminas.edu.br', '(35) 3571-2226', '', 'Sim', NULL, 0),
	(237, 3, 3, 1, '2247946', 'Arnaldo Sifuentes Pinheiro Leitao', 'arnaldo.leitao@ifsuldeminas.edu.br', '(35) 3571-5051', '', 'Sim', NULL, 0),
	(238, 3, 3, 1, '1143076', 'Arturene Maria Lino Carmo', 'arturene.carmo@muz.ifsuldeminas.edu.br', NULL, '', 'Sim', NULL, 0),
	(239, 3, 3, 1, '2689480', 'Augusta Cassia Schwtner David', 'augusta.david@muz.ifsuldeminas.edu.br', NULL, '', 'Sim', NULL, 0),
	(240, 3, 3, 1, '3905864', 'Augusto Marcio da Silva Junior', 'augusto.junior@ifsuldeminas.edu.br', '(35) 3571-5051', '', 'Sim', NULL, 0),
	(241, 3, 3, 1, '2520053', 'Bianca Sarzi de Souza', 'bianca.souza@ifsuldeminas.edu.br', '(35) 3571-5051', '', 'Sim', NULL, 0),
	(242, 3, 3, 1, '1804943', 'Braulio Luciano Alves Rezende', 'braulio.rezende@ifsuldeminas.edu.br', '(35) 3771-5073', '', 'Sim', NULL, 0),
	(243, 3, 3, 1, '1265932', 'Carlos Alberto Machado Carvalho', 'carlos.carvalho@ifsuldeminas.edu.br', NULL, '', 'Sim', NULL, 0),
	(244, 3, 3, 1, '1622609', 'Carlos Alexandre Molina Noccioli', 'carlos.noccioli@ifsuldeminas.edu.br', '(35) 3551-5051', '', 'Sim', NULL, 0),
	(245, 3, 3, 1, '1886121', 'Carlos Renato Soares', 'carlos.soares@ifsuldeminas.edu.br', NULL, '', 'Sim', NULL, 0),
	(246, 3, 3, 1, '48079', 'Celso Antonio Spaggiari Souza', 'celso.souza@muz.ifsuldeminas.edu.br', NULL, '', 'Sim', NULL, 0),
	(247, 3, 3, 1, '2364865', 'Cicera Aparecida Rodrigues Silva', 'cicera.silva@muz.ifsuldeminas.edu.br', NULL, '', 'Sim', NULL, 0),
	(248, 3, 3, 1, '2332277', 'Claudiane Silva Marques', 'claudiane.marques@muz.ifsuldeminas.edu.br', NULL, '', 'Sim', NULL, 0),
	(249, 3, 3, 1, '1668620', 'Claudiomir da Silva dos Santos', 'claudiomir.santos@ifsuldeminas.edu.br', NULL, '', 'Sim', NULL, 0),
	(250, 3, 3, 1, '1663225', 'Cristiane Fortes Gris Baldan', 'cristiane.gris@ifsuldeminas.edu.br', '(35) 3571-5051', '', 'Sim', NULL, 0),
	(251, 3, 3, 1, '1990918', 'Cristina Lucia Janini Lopes', 'cristina.lopes@ifsuldeminas.edu.br', NULL, '', 'Sim', NULL, 0),
	(252, 3, 3, 1, '2718948', 'Daniela Ferreira Cardoso', 'daniela.cardoso@ifsuldeminas.edu.br', NULL, '', 'Sim', NULL, 0),
	(253, 3, 3, 1, '1106535', 'Daniela Gomes Martins', 'daniela.bueno@ifsuldeminas.edu.br', '(35) 3571-5118', '', 'Sim', NULL, 0),
	(254, 3, 3, 1, '2339623', 'Delcio Bueno da Silva', 'delcio.silva@ifsuldeminas.edu.br', '(35) 3571-5051', '', 'Sim', NULL, 0),
	(255, 3, 3, 1, '53430', 'Denis Bueno da Silva', 'denis.silva@ifsuldeminas.edu.br', NULL, '', 'Sim', NULL, 0),
	(256, 3, 3, 1, '1821622', 'Diana Cuglovici Abrao', 'diana.abrao@muz.ifsuldeminas.edu.br', NULL, '', 'Sim', NULL, 0),
	(257, 3, 3, 1, '1906355', 'Eder Arnedo Perassa', 'eder.perassa@ifsuldeminas.edu.br', NULL, '', 'Sim', NULL, 0),
	(258, 3, 3, 1, '2144352', 'Edivaldo Aparecido Nunes Martins', 'edivaldo.martins@ifsuldeminas.edu.br', '(35) 3571-5051', '', 'Sim', NULL, 0),
	(259, 3, 3, 1, '1668690', 'Elisangela Silva', 'elisangela.silva@ifsuldeminas.edu.br', '(35) 3571-5119', '', 'Sim', NULL, 0),
	(260, 3, 3, 1, '1220994', 'Eloi dos Santos Portugal', 'eloi.portugal@ifsuldeminas.edu.br', '(35) 3571-5051', '', 'Sim', NULL, 0),
	(261, 3, 3, 1, '2140026', 'Erasmo Aparecido Piccolo', 'erasmo.piccolo@muz.ifsuldeminas.edu.br', NULL, '', 'Sim', NULL, 0),
	(262, 3, 3, 1, '2415369', 'Eron Jose Gaspar', 'eron.gaspar@muz.ifsuldeminas.edu.br', NULL, '', 'Sim', NULL, 0),
	(263, 3, 3, 1, '2313830', 'Eugenio Jose Goncalves', 'eugenio.goncalves@ifsuldeminas.edu.br', NULL, '', 'Sim', NULL, 0),
	(264, 3, 3, 1, '3440671', 'Evane da Silva', 'evane.silva@muz.ifsuldeminas.edu.br', NULL, '', 'Sim', NULL, 0),
	(265, 3, 3, 1, '2182006', 'Fabiana Lucio de Oliveira', 'fabiana.oliveira@ifsuldeminas.edu.br', '(35) 3571-5051', '', 'Sim', NULL, 0),
	(266, 3, 3, 1, '1782503', 'Fabiano Fernandes da Silva', 'fabiano.silva@ifsuldeminas.edu.br', NULL, '', 'Sim', NULL, 0),
	(267, 3, 3, 1, '1329092', 'Fabio Carvalho Dias', 'fabio.dias@muz.ifsuldeminas.edu.br', NULL, '', 'Sim', NULL, 0),
	(268, 3, 3, 1, '2719189', 'Fabricio dos Santos Rita', 'fabricio.rita@muz.ifsuldeminas.edu.br', NULL, '', 'Sim', NULL, 0),
	(269, 3, 3, 1, '1669321', 'Felipe Campos Figueiredo', 'felipe.figueiredo@ifsuldeminas.edu.br', '(35) 98875-7512', '', 'Sim', NULL, 0),
	(270, 3, 3, 1, '2993147', 'Fernanda de Carvalho Pereira', 'fernanda.pereira@ifsuldeminas.edu.br', NULL, '', 'Sim', NULL, 0),
	(271, 3, 3, 1, '1906359', 'Flavia Helena Pereira', 'flavia.pereira@ifsuldeminas.edu.br', '(35) 3571-5051', '', 'Sim', NULL, 0),
	(272, 3, 3, 1, '1839054', 'Francisco Helton Sa de Lima', 'francisco.lima@ifsuldeminas.edu.br', NULL, '', 'Sim', NULL, 0),
	(273, 3, 3, 1, '48102', 'Francisco Vitor de Paula', 'francisco.paula@ifsuldeminas.edu.br', NULL, '', 'Sim', NULL, 0),
	(274, 3, 3, 1, '1766218', 'Georgia Mode Magalhaes', 'georgia.magalhaes@ifsuldeminas.edu.br', '(35) 3571-5051', '', 'Sim', NULL, 0),
	(275, 3, 3, 1, '2926284', 'Geraldo Gomes de Oliveira Junior', 'geraldo.gomes@ifsuldeminas.edu.br', NULL, '', 'Sim', NULL, 0),
	(276, 3, 3, 1, '2310608', 'Graziela Pascom', 'grapascom@hotmail.com', NULL, '', 'Não', NULL, 0),
	(277, 3, 3, 1, '1257622', 'Guilherme Goncalves Alves', 'guilherme.alves@muz.ifsuldeminas.edu.br', NULL, '', 'Sim', NULL, 0),
	(278, 3, 3, 1, '1885288', 'Guilherme Oberlender', 'guilherme.oberlender@ifsuldeminas.edu.br', '(35) 3571-5051', '', 'Sim', NULL, 0),
	(279, 3, 3, 1, '1669448', 'Gustavo Jose da Silva', 'gustavo.silva@ifsuldeminas.edu.br', '(35) 3571-5051', '', 'Sim', NULL, 0),
	(280, 3, 3, 1, '1668661', 'Gustavo Rabelo Botrel Miranda', 'gustavo.miranda@ifsuldeminas.edu.br', NULL, '', 'Sim', NULL, 0),
	(281, 3, 3, 1, '2719256', 'Heber Rocha Moreira', 'heber.moreira@ifsuldeminas.edu.br', '(35) 3571-5130', '', 'Sim', NULL, 0),
	(282, 3, 3, 1, '1869211', 'Helaine Barros de Oliveira', 'helaine.oliveira@ifsuldeminas.edu.br', '(35) 3571-5051', '', 'Sim', NULL, 0),
	(283, 3, 3, 1, '2133017', 'Helena Alves Soares Chini', 'helena.chini@muz.ifsuldeminas.edu.br', NULL, '', 'Sim', NULL, 0),
	(284, 3, 3, 1, '48123', 'Helio Gallo Rocha', 'helio.rocha@muz.ifsuldeminas.edu.br', NULL, '', 'Sim', NULL, 0),
	(285, 3, 3, 1, '1668749', 'Hugo Baldan Junior', 'hugo.baldan@ifsuldeminas.edu.br', NULL, '', 'Sim', NULL, 0),
	(286, 3, 3, 1, '2214938', 'Iara de Oliveira', 'iara.oliveira@muz.ifsuldeminas.edu.br', NULL, '', 'Sim', NULL, 0),
	(287, 3, 3, 1, '1850427', 'Ieda Mayumi Sabino Kawashita', 'ieda.kawashita@ifsuldeminas.edu.br', '(35) 3571-5051', '', 'Sim', NULL, 0),
	(288, 3, 3, 1, '2342849', 'Igor dos Santos Alves', 'igor.alves@ifsuldeminas.edu.br', NULL, '', 'Sim', NULL, 0),
	(289, 3, 3, 1, '1225612', 'Ingridy Simone Ribeiro', 'ingridy.ribeiro@ifsuldeminas.edu.br', '(35) 3571-5051', '', 'Sim', NULL, 0),
	(290, 3, 3, 1, '1307839', 'Ivelize Cunha Tannure Nascimento', 'itannure@uol.com.br', NULL, '', 'Não', NULL, 0),
	(291, 3, 3, 1, '1865051', 'Januaria Andrea Souza Rezende', 'januaria.rezende@ifsuldeminas.edu.br', '(35) 3571-5151', '', 'Sim', NULL, 0),
	(292, 3, 3, 1, '2859181', 'Jarbas Tavares dos Santos', 'jarbas.santos@muz.ifsuldeminas.edu.br', NULL, '', 'Sim', NULL, 0),
	(293, 3, 3, 1, '2394972', 'Jean Menossi', 'jean.menossi@muz.ifsuldeminas.edu.br', NULL, '', 'Sim', NULL, 0),
	(294, 3, 3, 1, '2297563', 'Joana Diniz Rosa Fernandes', 'joana.fernandes@muz.ifsuldeminas.edu.br', NULL, '', 'Sim', NULL, 0),
	(295, 3, 3, 1, '1937730', 'Joao Carlos Teles Ribeiro da Silva', 'joao.carlos@ifsuldeminas.edu.br', '(35) 3571-5051', '', 'Sim', NULL, 0),
	(296, 3, 3, 1, '1820631', 'Joao Marcelo Ribeiro', 'joao.ribeiro@ifsuldeminas.edu.br', NULL, '', 'Sim', NULL, 0),
	(297, 3, 3, 1, '1585738', 'Jose Marcos Angelico de Mendonca', 'jose.mendonca@ifsuldeminas.edu.br', '(35) 3571-5156', '', 'Sim', NULL, 0),
	(298, 3, 3, 1, '1164916', 'Jose Mauro Costa Monteiro', 'josemauro.monteiro@ifsuldeminas.edu.br', NULL, '', 'Sim', NULL, 0),
	(299, 3, 3, 1, '1643146', 'Jose Sergio de Araujo', 'jose.araujo@muz.ifsuldeminas.edu.br', '(35) 3571-5051', '', 'Sim', NULL, 0),
	(300, 3, 3, 1, '1753315', 'Josiane Pereira Fonseca Chinaglia', 'josiane.fonseca@muz.ifsuldeminas.edu.br', NULL, '', 'Sim', NULL, 0),
	(301, 3, 3, 1, '2126420', 'Karina Lucas Barbosa Lopes Mattos', 'karina.mattos@ifsuldeminas.edu.br', '(35) 3571-1529', '', 'Sim', NULL, 0),
	(302, 3, 3, 1, '3506278', 'Larissa Sales Martins', 'larissa.martins@muz.ifsuldeminas.edu.br', NULL, '', 'Sim', NULL, 0),
	(303, 3, 3, 1, '1907732', 'Leandro de Castro Guarnieri', 'leandro.guarnieri@muz.ifsuldeminas.edu.br', NULL, '', 'Sim', NULL, 0),
	(304, 3, 3, 1, '1017589', 'Leandro Gustavo da Silva', 'leandro.silva@ifsuldeminas.edu.br', '(35) 3571-5051', '', 'Sim', NULL, 0),
	(305, 3, 3, 1, '1222816', 'Ligia Lopes Rueda Kocian', 'ligia.kocian@muz.ifsuldeminas.edu.br', NULL, '', 'Sim', NULL, 0),
	(306, 3, 3, 1, '2578955', 'Lucas Alberto Teixeira de Rezende', 'lucas.teixeira@ifsuldeminas.edu.br', '(35) 3571-5134', '', 'Sim', NULL, 0),
	(307, 3, 3, 1, '2442154', 'Luciana Maria Vieira Lopes Mendonca', 'luciana.mendonca@ifsuldeminas.edu.br', NULL, '', 'Sim', NULL, 0),
	(308, 3, 3, 1, '48089', 'Luiz Carlos Machado Rodrigues', 'luiz.machado@ifsuldeminas.edu.br', NULL, '', 'Sim', NULL, 0),
	(309, 3, 3, 1, '1861411', 'Manuel Messias da Silva', 'manuel.silva@muz.ifsuldeminas.edu.br', NULL, '', 'Sim', NULL, 0),
	(310, 3, 3, 1, '2352084', 'Mara Aparecida Pereira de Avila', 'mara.avila@ifsuldeminas.edu.br', NULL, '', 'Sim', NULL, 0),
	(311, 3, 3, 1, '1218109', 'Marcelo Bregagnoli', 'marcelo.bregagnoli@ifsuldeminas.edu.br', '(35) 3449-6150', '', 'Sim', NULL, 0),
	(312, 3, 3, 1, '1215373', 'Marcelo Eduardo Bocoli', 'marcelo.bocoli@ifsuldeminas.edu.br', '(35) 3571-5051', '', 'Sim', NULL, 0),
	(313, 3, 3, 1, '1165017', 'Marcelo Simao da Rosa', 'marcelo.rosa@ifsuldeminas.edu.br', '(35) 3571-5075', '', 'Sim', NULL, 0),
	(314, 3, 3, 1, '3441507', 'Marcio Maltarolli Quida', 'marcio.maltarolli@muz.ifsuldeminas.edu.br', NULL, '', 'Sim', NULL, 0),
	(315, 3, 3, 1, '3609769', 'Marcos Celso Rodrigues', 'marcos.rodrigues@muz.ifsuldeminas.edu.br', NULL, '', 'Sim', NULL, 0),
	(316, 3, 3, 1, '2569679', 'Marcos Roberto Candido', 'marcos.candido@ifsuldeminas.edu.br', '(35) 3571-5051', '', 'Sim', NULL, 0),
	(317, 3, 3, 1, '1879316', 'Maria Lucia de Queiroz Guimaraes Hernandes', 'maria.hernandes@muz.ifsuldeminas.edu.br', NULL, '', 'Sim', NULL, 0),
	(318, 3, 3, 1, '2275608', 'Mariana Cristina Hoeppner Rondelli', 'mariana.rondelli@ifsuldeminas.edu.br', '(35) 3571-5051', '', 'Sim', NULL, 0),
	(319, 3, 3, 1, '1792697', 'Mateus Camargo Pereira', 'mateus.pereira@ifsuldeminas.edu.br', '(35) 3571-1518', '', 'Sim', NULL, 0),
	(320, 3, 3, 1, '1164841', 'Mauricio Minchillo', 'mauricio.minchillo@ifsuldeminas.edu.br', NULL, '', 'Sim', NULL, 0),
	(321, 3, 3, 1, '2132644', 'Milena Moura de Araujo Biazuzo', 'milena.biazuzo@muz.ifsuldeminas.edu.br', NULL, '', 'Sim', NULL, 0),
	(322, 3, 3, 1, '2344956', 'Milene Dias Ferreira Magri', 'milene.magri@muz.ifsuldeminas.edu.br', NULL, '', 'Sim', NULL, 0),
	(323, 3, 3, 1, '1571799', 'Narayana de Deus Nogueira Bregagnoli', 'narayana.nogueira@ifsuldeminas.edu.br', NULL, '', 'Sim', NULL, 0),
	(324, 3, 3, 1, '1939875', 'Patricia Ribeiro do Valle Coutinho', 'patricia.coutinho@ifsuldeminas.edu.br', NULL, '', 'Sim', NULL, 0),
	(325, 3, 3, 1, '2719148', 'Paulo Cesar dos Santos', 'paulo.santos@ifsuldeminas.edu.br', '(35) 3571-5130', '', 'Sim', NULL, 0),
	(326, 3, 3, 1, '1888449', 'Paulo Oswaldo Garcia', 'paulo.garcia@ifsuldeminas.edu.br', '(35) 3571-5065', '', 'Sim', NULL, 0),
	(327, 3, 3, 1, '1668524', 'Paulo Sergio de Souza', 'paulo.souza@ifsuldeminas.edu.br', '(35) 3571-5091', '', 'Sim', NULL, 0),
	(328, 3, 3, 1, '2410213', 'Paulo Vinicius Tertuliano Marinho', 'paulo.marinho@muz.ifsuldeminas.edu.br', NULL, '', 'Sim', NULL, 0),
	(329, 3, 3, 1, '2132330', 'Priscila Missaki Nakamura', 'priscila.nakamura@ifsuldeminas.edu.br', NULL, '', 'Sim', NULL, 0),
	(330, 3, 3, 1, '1877466', 'Priscila Pereira Botrel', 'priscila.botrel@muz.ifsuldeminas.edu.br', NULL, '', 'Sim', NULL, 0),
	(331, 3, 3, 1, '1792780', 'Rafael Castro Kocian', 'rafael.kocian@ifsuldeminas.edu.br', '(35) 3571-5153', '', 'Sim', NULL, 0),
	(332, 3, 3, 1, '2301502', 'Raimunda Beserra da Silva', 'raybeserra@gmail.com', NULL, '', 'Não', NULL, 0),
	(333, 3, 3, 1, '2805113', 'Ramon Gustavo Teodoro Marques da Silva', 'ramon.silva@ifsuldeminas.edu.br', '(35) 3571-5051', '', 'Sim', NULL, 0),
	(334, 3, 3, 1, '1849566', 'Raphael Antonio Prado Dias', 'raphael.dias@ifsuldeminas.edu.br', NULL, '', 'Sim', NULL, 0),
	(335, 3, 3, 1, '2181982', 'Raphael Nogueira Rezende', 'raphael.rezende@ifsuldeminas.edu.br', '(35) 3571-5051', '', 'Sim', NULL, 0),
	(336, 3, 3, 1, '1669372', 'Raul Henrique Sartori', 'raul.sartori@ifsuldeminas.edu.br', '(35) 3571-5051', '', 'Sim', NULL, 0),
	(337, 3, 3, 1, '1613742', 'Renato Aparecido de Souza', 'renato.souza@ifsuldeminas.edu.br', '(35) 3571-5118', '', 'Sim', NULL, 0),
	(338, 3, 3, 1, '1906352', 'Renato Brasil Mazzeu', 'renato.mazzeu@muz.ifsuldeminas.edu.br', NULL, '', 'Sim', NULL, 0),
	(339, 3, 3, 1, '1997824', 'Renato Machado Pereira', 'renato.pereira@ifsuldeminas.edu.br', '(35) 98816-0210', '', 'Sim', NULL, 0),
	(340, 3, 3, 1, '1228150', 'Rene Lepiani Dias', 'rene.dias@ifsuldeminas.edu.br', '(35) 3571-5123', '', 'Sim', NULL, 0),
	(341, 3, 3, 1, '1921412', 'Ricardo Aparecido Avelino', 'ricardo.avelino@ifsuldeminas.edu.br', NULL, '', 'Sim', NULL, 0),
	(342, 3, 3, 1, '2734353', 'Ricardo Jose Martins', 'ricardo.martins@ifsuldeminas.edu.br', NULL, '', 'Sim', NULL, 0),
	(343, 3, 3, 1, '1840967', 'Ricardo Marques da Costa', 'ricardo.martins@ifsuldeminas.edu.br', '(35) 3571–5051', '', 'Sim', NULL, 0),
	(344, 3, 3, 1, '2380656', 'Richardson Dutra da Costa Pego', 'richardson.pego@ifsuldeminas.edu.br', NULL, '', 'Sim', NULL, 0),
	(345, 3, 3, 1, '2768606', 'Rodrigo Cesar Evangelista', 'rodrigo.evangelista@ifsuldeminas.edu.br', NULL, '', 'Sim', NULL, 0),
	(346, 3, 3, 1, '48081', 'Romulo Eduardo Bernardes da Silva', 'romulo.silva@muz.ifsuldeminas.edu.br', NULL, '', 'Sim', NULL, 0),
	(347, 3, 3, 1, '1585748', 'Roseli dos Reis Goulart', 'roseli.goulart@ifsuldeminas.edu.br', '(35) 3571-5051', '', 'Sim', NULL, 0),
	(348, 3, 3, 1, '1265913', 'Sandra Helena Miranda', 'sandra.miranda@ifsuldeminas.edu.br', NULL, '', 'Sim', NULL, 0),
	(349, 3, 3, 1, '2867906', 'Sheila Cristina Gatti Sobreiro', 'sheila.sobreiro@muz.ifsuldeminas.edu.br', NULL, '', 'Sim', NULL, 0),
	(350, 3, 3, 1, '1496288', 'Simone Villas Ferreira', 'simone.ferreira@ifsuldeminas.edu.br', NULL, '', 'Sim', NULL, 0),
	(351, 3, 3, 1, '1748513', 'Tais Carolina Franqueira de Toledo Sartori', 'tais.toledo@ifsuldeminas.edu.br', '(35) 3571-5051', '', 'Sim', NULL, 0),
	(352, 3, 3, 1, '1782590', 'Talitha Helen Silva Chiulli', 'talitha.silva@ifsuldeminas.edu.br', '(35) 3571-5051', '', 'Sim', NULL, 0),
	(353, 3, 3, 1, '2655577', 'Tarcisio de Souza Gaspar', 'tarcisio.gaspar@ifsuldeminas.edu.br', NULL, '', 'Sim', NULL, 0),
	(354, 3, 3, 1, '1862939', 'Tiago Goncalves Botelho', 'tiago.botelho@ifsuldeminas.edu.br', '(35) 3571-5130', '', 'Sim', NULL, 0),
	(355, 3, 3, 1, '2132465', 'Tuffy Felipe Brant', 'tuffy.brant@ifsuldeminas.edu.br', NULL, '', 'Sim', NULL, 0),
	(356, 3, 3, 1, '1919440', 'Tullio Alexandre Mustafe da Cruz', 'tulio.cruz@muz.ifsuldeminas.edu.br', NULL, '', 'Sim', NULL, 0),
	(357, 3, 3, 1, '1851721', 'Usha Vashist', 'usha.vashist@ifsuldeminas.edu.br', NULL, '', 'Sim', NULL, 0),
	(358, 3, 3, 1, '1833712', 'Valdirene Pereira Costa', 'valdirene.costa@muz.ifsuldeminas.edu.br', NULL, '', 'Sim', NULL, 0),
	(359, 3, 3, 1, '1190200', 'Valeria de Rezende Pereira', 'valeria.pereira@muz.ifsuldeminas.edu.br', NULL, '', 'Sim', NULL, 0),
	(360, 3, 3, 1, '1650171', 'Wagner Zeferino de Freitas', 'wagner.freitas@ifsuldeminas.edu.br', '(35) 3571-5119', '', 'Sim', NULL, 0),
	(361, 3, 3, 1, '1984704', 'Walbert Junior Reis dos Santos', 'walbert.santos@ifsuldeminas.edu.br', NULL, '', 'Sim', NULL, 0),
	(362, 3, 3, 1, '2127614', 'Wonder Passoni Higino', 'wonder.higino@ifsuldeminas.edu.br', '(35) 3571-5118', '', 'Sim', NULL, 0),
	(363, 6, 6, 1, '1997929', 'Aidalice Ramalho Murta', 'aidalice.murta@ifsuldeminas.edu.br', '(35) 3427-6600', '', 'Sim', NULL, 0),
	(364, 6, 6, 1, '1907139', 'Carlos Alberto de Albuquerque', 'carlos.albuquerque@ifsuldeminas.edu.br', '(35) 3427-6600', '', 'Sim', NULL, 0),
	(365, 6, 6, 1, '2192356', 'Celso Dias Madureira', 'celso.madureira@ifsuldeminas.edu.br', '(35) 3427-6600', '', 'Sim', NULL, 0),
	(366, 6, 6, 1, '2410337', 'Dalton Mario Curvello Chaves e Silva', 'dalton.silva@ifsuldeminas.edu.br', NULL, '', 'Sim', NULL, 0),
	(367, 6, 6, 1, '1368029', 'Daniel Amaral Prates', 'daniel.prates@ifsuldeminas.edu.br', NULL, '', 'Sim', NULL, 0),
	(368, 6, 6, 1, '1887246', 'Danielle Martins Duarte Costa', 'danielle.costa@ifsuldeminas.edu.br', '(35) 3427-6600', '', 'Sim', NULL, 0),
	(369, 6, 6, 1, '2812136', 'Diego Cesar Terra de Andrade', 'diego.terra@ifsuldeminas.edu.br', '(35) 3427-6600', '', 'Sim', NULL, 0),
	(370, 6, 6, 1, '2079081', 'Elgte Elmin Borges de Paula', 'elgte.paula@ifsuldeminas.edu.br', '-', '', 'Sim', NULL, 0),
	(371, 6, 6, 1, '1916425', 'Eliane Gomes da Silveira', 'eliane.silveira@ifsuldeminas.edu.br', NULL, '', 'Sim', NULL, 0),
	(372, 6, 6, 1, '1581048', 'Elisangela Aparecida Lopes Fialho', 'elisangela.lopes@ifsuldeminas.edu.br', '(35) 3427-6600', '', 'Sim', NULL, 0),
	(373, 6, 6, 1, '2025537', 'Emerson Jose Simoes da Silva', 'emerson.silva@ifsuldeminas.edu.br', NULL, '', 'Sim', NULL, 0),
	(374, 6, 6, 1, '2412737', 'Erlon Rodrigo Ozelin', 'erlon.ozelin@ifsuldeminas.edu.br', NULL, '', 'Sim', NULL, 0),
	(375, 6, 6, 1, '2137497', 'Fabiana Rezende Cotrim', 'fabiana.cotrim@ifsuldeminas.edu.br', '(35) 3427-6600', '', 'Sim', NULL, 0),
	(376, 6, 6, 1, '1213573', 'Fabio Augusto de Abreu', 'fabio.abreu@ifsuldeminas.edu.br', NULL, '', 'Sim', NULL, 0),
	(377, 6, 6, 1, '2913480', 'Fernando Alberto Facco', 'fernando.facco@ifsuldeminas.edu.br', NULL, '', 'Sim', NULL, 0),
	(378, 6, 6, 1, '1216034', 'Fernando Carlos Scheffer Machado', 'fernando.scheffer@ifsuldeminas.edu.br', '(35) 3427-6600', '', 'Sim', NULL, 0),
	(379, 6, 6, 1, '2082715', 'Flavio Adriano Bastos', 'flavio.bastos@ifsuldeminas.edu.br', '(35) 3427-6600', '', 'Sim', NULL, 0),
	(380, 6, 6, 1, '1103452', 'Flavio Heleno Graciano', 'flavio.graciano@ifsuldeminas.edu.br', '(35)3464-1200', '', 'Sim', NULL, 0),
	(381, 6, 6, 1, '1998893', 'Flavio Santos Freitas', 'flavio.freitas@ifsuldeminas.edu.br', '(35) 3427-6600', '', 'Sim', NULL, 0),
	(382, 6, 6, 1, '2840245', 'Gabriela Belinato', 'gabriela.belinato@ifsuldeminas.edu.br', '(35) 3427-6600', '', 'Sim', NULL, 0),
	(383, 6, 6, 1, '1543916', 'Isaias Pascoal', 'isaias.pascoal@ifsuldeminas.edu.br', NULL, '', 'Sim', NULL, 0),
	(384, 6, 6, 1, '1323079', 'Ismael David de Oliveira Muro', 'ismael.muro@ifsuldeminas.edu.br', NULL, '', 'Sim', NULL, 0),
	(385, 6, 6, 1, '2188948', 'Joao Lameu da Silva Junior', 'joao.lameu@ifsuldeminas.edu.br', '(35) 3427-6600', '', 'Sim', NULL, 0),
	(386, 6, 6, 1, '1609165', 'Joao Paulo Martins', 'joao.martins@ifsuldeminas.edu.br', NULL, '', 'Sim', NULL, 0),
	(387, 6, 6, 1, '2182683', 'Jose Nilson da Conceicao', 'jose.nilson@ifsuldeminas.edu.br', NULL, '', 'Sim', NULL, 0),
	(388, 6, 6, 1, '1492334', 'Julia Vidigal Zara', 'julia.zara@ifsuldeminas.edu.br', '(35) 3449-6150', '', 'Sim', NULL, 0),
	(389, 6, 6, 1, '1952646', 'Juliano Romanzini Pedreira', 'juliano.pedreira@ifsuldeminas.edu.br', NULL, '', 'Sim', NULL, 0),
	(390, 6, 6, 1, '1773031', 'Karin Veronica Freitas Grillo', 'karin.grillo@ifsuldeminas.edu.br', '(35) 3427-6600', '', 'Sim', NULL, 0),
	(391, 6, 6, 1, '1031575', 'Karla Aparecida Zucoloto', 'karla.zucoloto@ifsuldeminas.edu.br', '-', '', 'Sim', NULL, 0),
	(392, 6, 6, 1, '2358215', 'Larissa Reis Brandao', 'larissa.brandao@ifsuldeminas.edu.br', NULL, '', 'Sim', NULL, 0),
	(393, 6, 6, 1, '1111223', 'Lauisa Barbosa Pinto', 'lauisa.barbosa@ifsuldeminas.edu.br', NULL, '', 'Sim', NULL, 0),
	(394, 6, 6, 1, '2305711', 'Lidiane Andrade Goncalves Borges', 'lidiane.borges@ifsuldeminas.edu.br', NULL, '', 'Não', NULL, 0),
	(395, 6, 6, 1, '1222796', 'Lucas Goncalves Cunha', 'lucas.cunha@ifsuldeminas.edu.br', NULL, '', 'Sim', NULL, 0),
	(396, 6, 6, 1, '1972228', 'Lucas Henrique Xavier da Costa Firmino', 'lucas.firmino@ifsuldeminas.edu.br', NULL, '', 'Sim', NULL, 0),
	(397, 6, 6, 1, '1142984', 'Luciana Simionatto Guinesi', 'luciana.guinesi@ifsuldeminas.edu.br', NULL, '', 'Sim', NULL, 0),
	(398, 6, 6, 1, '1017692', 'Luciane Silva de Almeida', 'luciane.almeida@ifsuldeminas.edu.br', NULL, '', 'Sim', NULL, 0),
	(399, 6, 6, 1, '1911175', 'Luis Antonio Tavares', 'luis.tavares@ifsuldeminas.edu.br', NULL, '', 'Sim', NULL, 0),
	(400, 6, 6, 1, '2398020', 'Maraisa Rodrigues da Silva Borba', 'maraisa.borba@ifsuldeminas.edu.br', NULL, '', 'Sim', NULL, 0),
	(401, 6, 6, 1, '1796641', 'Marcelo Carvalho Bottazzini', 'marcelo.bottazzini@ifsuldeminas.edu.br', '(35) 3427-6600', '', 'Sim', NULL, 0),
	(402, 6, 6, 1, '1740893', 'Marcio Boer Ribeiro', 'marcio.ribeiro@ifsuldeminas.edu.br', '(35) 3427- 6600', '', 'Sim', NULL, 0),
	(403, 6, 6, 1, '1332311', 'Marcos Roberto So', 'marcos.so@ifsuldeminas.edu.br', NULL, '', 'Sim', NULL, 0),
	(404, 6, 6, 1, '1909766', 'Maria Cecilia Rodrigues Simoes', 'maria.simoes@ifsuldeminas.edu.br', NULL, '', 'Sim', NULL, 0),
	(405, 6, 6, 1, '2024264', 'Maria Josiane Ferreira Gomes', 'maria.simoes@ifsuldeminas.edu.br', NULL, '', 'Sim', NULL, 0),
	(406, 6, 6, 1, '1720555', 'Mariana Felicetti Rezende', 'mariana.rezende@ifsuldeminas.edu.br', '(35) 3427-6605', '', 'Sim', NULL, 0),
	(407, 6, 6, 1, '1200998', 'Mauro Alberti Filho', 'mauro.alberti@ifsuldeminas.edu.br', NULL, '', 'Sim', NULL, 0),
	(408, 6, 6, 1, '1230664', 'Mayker Lazaro Dantas Miranda', 'mayker.miranda@ifsuldeminas.edu.br', '(35) 3427-6600', '', 'Sim', NULL, 0),
	(409, 6, 6, 1, '1810389', 'Michelle Nery', 'michelle.nery@ifsuldeminas.edu.br', NULL, '', 'Sim', NULL, 0),
	(410, 6, 6, 1, '2081449', 'Nathalia Vieira Barbosa', 'nathalia.barbosa@ifsuldeminas.edu.br', NULL, '', 'Sim', NULL, 0),
	(411, 6, 6, 1, '2188932', 'Nuria Angelo Goncalves', 'nuria.angelo@ifsuldeminas.edu.br', NULL, '', 'Sim', NULL, 0),
	(412, 6, 6, 1, '1922974', 'Olimpio Gomes da Silva Neto', 'olimpio.neto@ifsuldeminas.edu.br', '(35) 3427-6600', '', 'Sim', NULL, 0),
	(413, 6, 6, 1, '1696773', 'Patricia Pascoal Goulart', 'patricia.goulart@ifsuldeminas.edu.br', NULL, '', 'Sim', NULL, 0),
	(414, 6, 6, 1, '1544907', 'Paulo do Nascimento', 'paulo.nascimento@ifsuldeminas.edu.br', '(35) 3427-6605', '', 'Sim', NULL, 0),
	(415, 6, 6, 1, '395100', 'Paulo Roberto Labegalini', 'paulo.labegalini@ifsuldeminas.edu.br', NULL, '', 'Sim', NULL, 0),
	(416, 6, 6, 1, '2182059', 'Regis Marciano de Souza', 'regis.souza@ifsuldeminas.edu.br', NULL, '', 'Sim', NULL, 0),
	(417, 6, 6, 1, '2190282', 'Rejane Barbosa Santos', 'rejane.santos@ifsuldeminas.edu.br', '(35) 3449-6150', '', 'Sim', NULL, 0),
	(418, 2, 2, 1, '2081555', 'Renato Alexandre Oliveira Candido', 'renato.candido@ifsuldeminas.edu.br', '(35) 3295-9700', '', 'Sim', NULL, 0),
	(419, 6, 6, 1, '2139259', 'Rodolfo Henrique Freitas Grillo', 'rodolfo.grillo@ifsuldeminas.edu.br', NULL, '', 'Sim', NULL, 0),
	(420, 6, 6, 1, '1753331', 'Rona Rinston Amaury Mendes', 'rona.rinston@ifsuldeminas.edu.br', '(35) 3427-6600', '', 'Sim', NULL, 0),
	(421, 6, 6, 1, '2136315', 'Ronierik Pioli Vieira', 'ronierik.vieira@ifsuldeminas.edu.br', '(35) 99949-3951', '', 'Sim', NULL, 0),
	(422, 6, 6, 1, '1815300', 'Rosangela Alves Dutra', 'rosangela.dutra@ifsuldeminas.edu.br', NULL, '', 'Sim', NULL, 0),
	(423, 6, 6, 1, '1063094', 'Samuel Santos de Souza Pinto', 'samuel.souza@ifsuldeminas.edu.br', NULL, '', 'Sim', NULL, 0),
	(424, 6, 6, 1, '2180439', 'Sueli Machado Pereira', 'sueli.machado@ifsuldeminas.edu.br', '(35) 9973-2577', '', 'Sim', NULL, 0),
	(425, 6, 6, 1, '2356924', 'Sylvia Dantas Vieira', 'sylvia.vieira@ifsuldeminas.edu.br', NULL, '', 'Sim', NULL, 0),
	(426, 6, 6, 1, '2423649', 'Thiago Luis Rodrigues da Silva', 'thiago.rodrigues@ifsuldeminas.edu.br', NULL, '', 'Sim', NULL, 0),
	(427, 6, 6, 1, '2271651', 'Victor Aias Martins Gomes', 'victor.aias@ifsuldeminas.edu.br', NULL, '', 'Sim', NULL, 0),
	(428, 6, 6, 1, '1804281', 'Vlander Verdade Signoretti', 'vlander.signoretti@ifsuldeminas.edu.br', NULL, '', 'Sim', NULL, 0),
	(430, 6, 6, 1, '2131662', 'Yuri Vilas Boas Ortigara', 'yuri.ortigara@ifsuldeminas.edu.br', '(35) 3427-6600', '', 'Sim', NULL, 0),
	(431, 2, 2, 1, '1680445', 'Adriana Carvalho de Menezes Dendena', 'adriana.dendena@ifsuldeminas.edu.br', '(35) 3526-4856', '', 'Sim', NULL, 0),
	(432, 4, 4, 1, '2274061', 'Adriana Correia de Almeida Batista', 'adriana.almeida@ifsuldeminas.edu.br', NULL, '', 'Sim', NULL, 0),
	(433, 4, 4, 1, '2408355', 'Aline Teixeira Silva', 'aline.teixeira@ifsuldeminas.edu.br', NULL, '', 'Sim', NULL, 0),
	(434, 4, 4, 1, '1729084', 'Andre Luis Alves Moura', 'andre.moura@ifsuldeminas.edu.br', NULL, '', 'Sim', NULL, 0),
	(435, 4, 4, 1, '2066738', 'Andrea Cristina Alves', 'andrea.alves@ifsuldeminas.edu.br', '(35) 3526-4856', '', 'Sim', NULL, 0),
	(436, 4, 4, 1, '1066990', 'Artino Quintino da Silva Filho', 'artino.filho@ifsuldeminas.edu.br', NULL, '', 'Sim', NULL, 0),
	(437, 4, 4, 1, '1909073', 'Beatriz Gloria Campos Lago', 'beatriz.lago@ifsuldeminas.edu.br', NULL, '', 'Sim', NULL, 0),
	(438, 4, 4, 1, '1044132', 'Benjamim Jose Esteves', 'benjamim.esteves@ifsuldeminas.edu.br', '(35) 3526-4856', '', 'Sim', NULL, 0),
	(439, 4, 4, 1, '1048115', 'Bruna Barbara Santos Bordini', 'bruna.bordini@ifsuldeminas.edu.br', '(35) 3526-4856', '', 'Sim', NULL, 0),
	(440, 4, 4, 1, '2244066', 'Camila Guedes Codonho', 'camila.codonho@ifsuldeminas.edu.br', '(35) 3526-4856 / (35) 3526-4679', '', 'Sim', NULL, 0),
	(441, 4, 4, 1, '1998740', 'Carolina Cau Sposito Ribeiro de Abreu', 'carolina.sposito@ifsuldeminas.edu.br', NULL, '', 'Sim', NULL, 0),
	(442, 4, 4, 1, '2115062', 'Cleiton Hipolito Alves', 'cleiton.alves@ifsuldeminas.edu.br', '(35) 3526-4856', '', 'Sim', NULL, 0),
	(443, 4, 4, 1, '2277277', 'Diego Jose Prezia', 'diego.prezia@ifsuldeminas.edu.br', NULL, '', 'Sim', NULL, 0),
	(444, 4, 4, 1, '2282581', 'Duana Castro Soares', 'duana.soares@ifsuldeminas.edu.br', '(35) 3526-4856', '', 'Sim', NULL, 0),
	(445, 4, 4, 1, '2369366', 'Elicardo Heber de Almeida Batista', 'elicardo.batista@ifsuldeminas.edu.br', NULL, '', 'Sim', NULL, 0),
	(446, 4, 4, 1, '1608838', 'Erilda Mendonca', 'erilda.mendonca@ifsuldeminas.edu.br', NULL, '', 'Sim', NULL, 0),
	(447, 4, 4, 1, '1550975', 'Fernanda Mateus Queiroz Schmidt', 'fernanda.schmidt@ifsuldeminas.edu.br', NULL, '', 'Sim', NULL, 0),
	(448, 4, 4, 1, '1194019', 'Franciele Menegucci', 'franciele.menegucci@ifsuldeminas.edu.br', '(35) 3526-4856', '', 'Sim', NULL, 0),
	(449, 4, 4, 1, '1275104', 'Francielli Barbara Pinto', 'francielli.pinto@ifsuldeminas.edu.br', NULL, '', 'Sim', NULL, 0),
	(450, 4, 4, 1, '1730660', 'Fredy Coelho Rodrigues', 'fredy.rodrigues@ifsuldeminas.edu.br', '(35) 3526-4856 - (35) 3526-4679', '', 'Sim', NULL, 0),
	(451, 4, 4, 1, '1931360', 'Gisele de Freitas', 'gisele.freitas@ifsuldeminas.edu.br', '(35) 3526-4856', '', 'Sim', NULL, 0),
	(452, 4, 4, 1, '1957496', 'Heliza Faria Pereira', 'heliza.pereira@ifsuldeminas.edu.br', NULL, '', 'Sim', NULL, 0),
	(453, 4, 4, 1, '2143535', 'Heloisa Turcatto Gimenes Faria', 'heloisa.faria@ifsuldeminas.edu.br', '(35) 3526-4856', '', 'Sim', NULL, 0),
	(454, 4, 4, 1, '1969278', 'Hiran Nonato Macedo Ferreira', 'hiran.ferreira@ifsuldeminas.edu.br', '(35) 3526-4856', '', 'Sim', NULL, 0),
	(455, 4, 4, 1, '2238688', 'Hugo Resende', 'hugo.resende@ifsuldeminas.edu.br', NULL, '', 'Sim', NULL, 0),
	(456, 4, 4, 1, '1906497', 'Jamila Souza Goncalves', 'jamila.goncalves@ifsuldeminas.edu.br', '(35) 3526-4856', '', 'Sim', NULL, 0),
	(457, 4, 4, 1, '2925110', 'Janaina Faustino Leite', 'janaina.leite@ifsuldeminas.edu.br', NULL, '', 'Sim', NULL, 0),
	(458, 4, 4, 1, '1104835', 'Jarne Donizetti Ribeiro', 'jarne.ribeiro@ifsuldeminas.edu.br', '(35) 3526-4856', '', 'Sim', NULL, 0),
	(459, 4, 4, 1, '2271475', 'Jessica Renata Nogueira', 'jessica.nogueira@ifsuldeminas.edu.br', '(35) 3526-4856', '', 'Sim', NULL, 0),
	(460, 4, 4, 1, '2179871', 'Joao Marcos Fernandino Evangelista', 'joao.evangelista@ifsuldeminas.edu.br', NULL, '', 'Sim', NULL, 0),
	(461, 4, 4, 1, '2760927', 'Joao Paulo de Toledo Gomes', 'joao.gomes@ifsuldeminas.edu.br', '(35) 3526-4856', '', 'Sim', NULL, 0),
	(462, 4, 4, 1, '1079136', 'Johnny Cesar dos Santos', 'johnny.santos@ifsuldeminas.edu.br', NULL, '', 'Sim', NULL, 0),
	(463, 4, 4, 1, '2028450', 'Juliana Gines Bortoletto', 'juliana.bortoletto@ifsuldeminas.edu.br', NULL, '', 'Sim', NULL, 0),
	(464, 4, 4, 1, '1918583', 'Juliano de Souza Caliari', 'juliano.caliari@ifsuldeminas.edu.br', '(35) 3526-4856', '', 'Sim', NULL, 0),
	(465, 4, 4, 1, '1909114', 'Jussara Aparecida Teixeira', 'jussara.teixeira@ifsuldeminas.edu.br', '(35) 3526-4856', '', 'Sim', NULL, 0),
	(466, 4, 4, 1, '1467441', 'Juvencio Geraldo de Moura', 'juvencio.moura@ifsuldeminas.edu.br', NULL, '', 'Sim', NULL, 0),
	(467, 4, 4, 1, '1102480', 'Kelly Cristina D Angelo', 'kelly.dangelo@ifsuldeminas.edu.br', NULL, '', 'Sim', NULL, 0),
	(468, 4, 4, 1, '2238561', 'Licia Frezza Pisa', 'licia.pisa@ifsuldeminas.edu.br', '(35) 3526-4856', '', 'Sim', NULL, 0),
	(469, 4, 4, 1, '2204169', 'Lucia Helena da Silva', 'luciahelena.silva@ifsuldeminas.edu.br', '(35) 3295-9700', '', 'Sim', NULL, 0),
	(470, 4, 4, 1, '2280118', 'Luciana Impocetto Marcheti', 'luciana.marchetti@ifsuldeminas.edu.br', '(35) 3526-4856', '', 'Sim', NULL, 0),
	(471, 4, 4, 1, '2275991', 'Luciana Vanessa de Almeida Buranello', 'luciana.buranello@ifsuldeminas.edu.br', NULL, '', 'Sim', NULL, 0),
	(472, 4, 4, 1, '2186897', 'Luciano Alves Carrijo Neto', 'luciano.neto@ifsuldeminas.edu.br', NULL, '', 'Sim', NULL, 0),
	(473, 4, 4, 1, '1796317', 'Marcilio Silva Andrade', 'marcilio.andrade@ifsuldeminas.edu.br', NULL, '', 'Sim', NULL, 0),
	(474, 4, 4, 1, '1911772', 'Maria Bernardete Oliveira de Carvalho', 'maria.carvalho@ifsuldeminas.edu.br', NULL, '', 'Sim', NULL, 0),
	(475, 4, 4, 1, '2415392', 'Maria Claudia Guidetti Campos', 'maria.campos@ifsuldeminas.edu.br', NULL, '', 'Sim', NULL, 0),
	(476, 4, 4, 1, '1243138', 'Maria Concebida Pereira', 'maria.pereira@ifsuldeminas.edu.br', '(35) 3526-4856', '', 'Sim', NULL, 0),
	(477, 4, 4, 1, '2985814', 'Maria Ines Lemos Coelho Ribeiro', 'maria.coelho@ifsuldeminas.edu.br', NULL, '', 'Sim', NULL, 0),
	(478, 4, 4, 1, '2025440', 'Mariana Eliane Teixeira', 'mariana.teixeira@ifsuldeminas.edu.br', NULL, '', 'Sim', NULL, 0),
	(479, 4, 4, 1, '1974713', 'Marilene Elvira de Faria Oliveira', 'marilene.oliveira@ifsuldeminas.edu.br', NULL, '', 'Sim', NULL, 0),
	(480, 4, 4, 1, '2355363', 'Matheus Berto da Silva', 'matheus.silva@ifsuldeminas.edu.br', NULL, '', 'Sim', NULL, 0),
	(481, 4, 4, 1, '1909548', 'Nayara Silva de Noronha', 'nayara.noronha@ifsuldeminas.edu.br', NULL, '', 'Sim', NULL, 0),
	(482, 4, 4, 1, '1227770', 'Patricia Aparecida Monteiro', 'patricia.monteiro@ifsuldeminas.edu.br', NULL, '', 'Sim', NULL, 0),
	(483, 4, 4, 1, '1212234', 'Paula Lopes de Oliveira Maia', 'paula.maia@ifsuldeminas.edu.br', '(35) 3526-4856', '', 'Sim', NULL, 0),
	(484, 4, 4, 1, '1971039', 'Renan Servat Sander', 'renan.sander@ifsuldeminas.edu.br', '(35) 3526-4856 - Ramal 216', '', 'Sim', NULL, 0),
	(485, 4, 4, 1, '2769337', 'Rene Hamilton Dini Filho', 'rene.dini@ifsuldeminas.edu.br', NULL, '', 'Sim', NULL, 0),
	(486, 4, 4, 1, '2072402', 'Rildo Borges Duarte', 'rildo.duarte@ifsuldeminas.edu.br', NULL, '', 'Sim', NULL, 0),
	(487, 4, 4, 1, '1145982', 'Rodrigo Cardoso Soares de Araujo', 'rodrigo.soares@ifsuldeminas.edu.br', '(35) 3526-4856 ou (35) 3526-4679', '', 'Sim', NULL, 0),
	(488, 4, 4, 1, '2140934', 'Rodrigo Silva Nascimento', 'rodrigo.nascimento@ifsuldeminas.edu.br', NULL, '', 'Sim', NULL, 0),
	(489, 4, 4, 1, '2186942', 'Tadeu Vilela de Souza', 'tadeu.souza@ifsuldeminas.edu.br', '(35) 3526-4856 - (35) 3526-4679', '', 'Sim', NULL, 0),
	(490, 4, 4, 1, '1139469', 'Taffarel Brant Ribeiro', 'brant.ribeiro@ifsuldeminas.edu.br', '(35) 3526-4856', '', 'Sim', NULL, 0),
	(491, 4, 4, 1, '2381359', 'Tamires Leao Souza Castro', 'tamires.castro@ifsuldeminas.edu.br', NULL, '', 'Sim', NULL, 0),
	(492, 4, 4, 1, '1084815', 'Terezinha Gorete Vilela Soares', 'terezinha.soares@ifsuldeminas.edu.br', NULL, '', 'Sim', NULL, 0),
	(493, 4, 4, 1, '2028502', 'Thome Simpliciano Almeida', 'thome.almeida@ifsuldeminas.edu.br', '(35) 3529-4856', '', 'Sim', NULL, 0),
	(494, 4, 4, 1, '1907960', 'Tiago Nunes Severino', 'tiago.severino@ifsuldeminas.edu.br', NULL, '', 'Sim', NULL, 0),
	(495, 4, 4, 1, '2205466', 'Vanessa Mayumi Io', 'vanessa.mayumi@ifsuldeminas.edu.br', NULL, '', 'Sim', NULL, 0),
	(496, 4, 4, 1, '1669503', 'Vinicius Alves Silva', 'vinicius.silva@ifsuldeminas.edu.br', '(35) 3526-1856', '', 'Sim', NULL, 0),
	(497, 4, 4, 1, '1553303', 'Wagner Edson Farias dos Santos', 'wagner.santos@ifsuldeminas.edu.br', NULL, '', 'Sim', NULL, 0),
	(498, 4, 4, 1, '2257903', 'Wendell Lopes de Azevedo Braulio', 'wendell.braulio@ifsuldeminas.edu.br', NULL, '', 'Sim', NULL, 0),
	(499, 4, 4, 1, '1854142', 'Yeda Maria Antunes de Siqueira', 'yeda.siqueira@ifsuldeminas.edu.br', NULL, '', 'Sim', NULL, 0),
	(500, 5, 5, 1, '1061554', 'Alexandra Manoela Oliveira Cruz', 'alexandra.cruz@ifsuldeminas.edu.br', NULL, '', 'Sim', NULL, 0),
	(501, 5, 5, 1, '1120837', 'Alexandre Carvalho de Andrade', 'alexandre.andrade@ifsuldeminas.edu.br', '(35) 3697-4950', '', 'Sim', NULL, 0),
	(502, 5, 5, 1, '1845464', 'Allan Arantes Pereira', 'allan.pereira@ifsuldeminas.edu.br', '(35) 3697-4950', '', 'Sim', NULL, 0),
	(503, 5, 5, 1, '1567503', 'Andre Gripp de Resende Chagas', 'andre.chagas@ifsuldeminas.edu.br', NULL, '', 'Sim', NULL, 0),
	(504, 5, 5, 1, '2258520', 'Andre Lucas Novaes', 'andre.novaes@ifsuldeminas.edu.br', '(35) 3697-4950', '', 'Sim', NULL, 0),
	(505, 5, 5, 1, '2272258', 'Andrezza Simonini Souza', 'andrezza.souza@ifsuldeminas.edu.br', '(35) 3697-4950', '', 'Sim', NULL, 0),
	(506, 5, 5, 1, '2164887', 'Bruno Eduardo Carmelito', 'bruno.carmelito@ifsuldeminas.edu.br', NULL, '', 'Sim', NULL, 0),
	(507, 5, 5, 1, '2050778', 'Bruno Ferreira Alves', 'bruno.alves@ifsuldeminas.edu.br', NULL, '', 'Sim', NULL, 0),
	(508, 5, 5, 1, '2762209', 'Carlos Alberto Fonseca Jardim Vianna', 'carlos.vianna@ifsuldeminas.edu.br', NULL, '', 'Sim', NULL, 0),
	(509, 5, 5, 1, '2375318', 'Carlos Alberto Turati', 'carlos.turati@ifsuldeminas.edu.br', NULL, '', 'Sim', NULL, 0),
	(510, 5, 5, 1, '1230273', 'Carolina Mariane Moreira', 'carolina.moreira@ifsuldeminas.edu.br', '(35) 3697-4950', '', 'Sim', NULL, 0),
	(511, 5, 5, 1, '2345008', 'Cassiano de Andrade Ferreira', 'cassiano.ferreira@ifsuldeminas.edu.br', NULL, '', 'Sim', NULL, 0),
	(512, 5, 5, 1, '1887652', 'Cassio Henrique Garcia Costa', 'cassiohenrique.costa@ifsuldeminas.edu.br', NULL, '', 'Sim', NULL, 0),
	(513, 5, 5, 1, '1851344', 'Diogenes Simao Rodovalho', 'diogenes.rodovalho@ifsuldeminas.edu.br', NULL, '', 'Sim', NULL, 0),
	(514, 5, 5, 1, '1926760', 'Douglas Donizeti de Castilho Braz', 'douglas.braz@ifsuldeminas.edu.br', '(35) 3713-5120', '', 'Sim', NULL, 0),
	(515, 5, 5, 1, '1908206', 'Douglas Fabiano de Sousa Nunes', 'douglas.nunes@ifsuldeminas.edu.br', '(35) 3697-4950', '', 'Sim', NULL, 0),
	(516, 5, 5, 1, '1686028', 'Elenice Aparecida Carlos', 'elenice.carlos@ifsuldeminas.edu.br', '(35) 3697-4950', '', 'Sim', NULL, 0),
	(517, 5, 5, 1, '2167520', 'Eli Fernando Tavano Toledo', 'eli.toledo@ifsuldeminas.edu.br', NULL, '', 'Sim', NULL, 0),
	(518, 5, 5, 1, '1683139', 'Ezequiel Junio de Lima', 'ezequiel.lima@ifsuldeminas.edu.br', '(35) 3697-4950', '', 'Sim', NULL, 0),
	(519, 5, 5, 1, '2243516', 'Fernando Araujo de Andrade Sobrinho', 'fernando.sobrinho@ifsuldeminas.edu.br', '(35) 3697-4950', '', 'Sim', NULL, 0),
	(520, 5, 5, 1, '2818580', 'Flavio Henrique Calheiros Casimiro', 'flavio.calheiros@ifsuldeminas.edu.br', NULL, '', 'Sim', NULL, 0),
	(521, 5, 5, 1, '1808869', 'Giselle Cristina Cardoso', 'giselle.cardoso@ifsuldeminas.edu.br', '(35) 3697-4950', '', 'Sim', NULL, 0),
	(522, 5, 5, 1, '1908194', 'Guilherme Rosse Ramalho', 'guilherme.ramalho@ifsuldeminas.edu.br', NULL, '', 'Sim', NULL, 0),
	(523, 5, 5, 1, '1967997', 'Heidi Jancer Ferreira', 'heidi.ferreira@ifsuldeminas.edu.br', '(35) 3697-4950', '', 'Sim', NULL, 0),
	(524, 5, 5, 1, '1998548', 'Helenice Nolasco Queiroz', 'helenice.queiroz@ifsuldeminas.edu.br', NULL, '', 'Sim', NULL, 0),
	(525, 5, 5, 1, '1906274', 'Hugo Renan Bolzani', 'hugo.bolzani@ifsuldeminas.edu.br', '(35) 3697-4950', '', 'Sim', NULL, 0),
	(526, 5, 5, 1, '1833923', 'Isabel Ribeiro do Valle Teixeira', 'isabel.teixeira@ifsuldeminas.edu.br', '(35) 3697-4950', '', 'Sim', NULL, 0),
	(527, 5, 5, 1, '1785091', 'Jane Piton Serra Sanches', 'jane.sanches@ifsuldeminas.edu.br', '(35) 3697-4950', '', 'Sim', NULL, 0),
	(528, 5, 5, 1, '1915242', 'Jose Paulo de Figueiredo', 'jose.figueiredo@ifsuldeminas.edu.br', NULL, '', 'Sim', NULL, 0),
	(529, 5, 5, 1, '1175549', 'Josue Lopes', 'josue.lopes@ifsuldeminas.edu.br', NULL, '', 'Sim', NULL, 0),
	(530, 5, 5, 1, '2358838', 'Joyce Gotlib', 'joyce.gotlib@ifsuldeminas.edu.br', NULL, '', 'Sim', NULL, 0),
	(531, 5, 5, 1, '1653911', 'Laudo Claumir Santos', 'laudo.santos@ifsuldeminas.edu.br', '(35) 3697-4950', '', 'Sim', NULL, 0),
	(532, 5, 5, 1, '2170047', 'Lenio Oliveira Prado Junior', 'lenio.prado@ifsuldeminas.edu.br', '(35) 3697-4950', '', 'Sim', NULL, 0),
	(533, 5, 5, 1, '2025331', 'Lerice de Castro Garzoni', 'lerice.garzoni@ifsuldeminas.edu.br', '(35) 3697-4950', '', 'Sim', NULL, 0),
	(534, 5, 5, 1, '2870726', 'Lorena Temponi Boechat', 'lorena.boechat@ifsuldeminas.edu.br', NULL, '', 'Sim', NULL, 0),
	(535, 5, 5, 1, '2172838', 'Luciana de Abreu Nascimento', 'luciana.nascimento@ifsuldeminas.edu.br', '(35) 3697-4950', '', 'Sim', NULL, 0),
	(536, 5, 5, 1, '1762172', 'Luiz Carlos Branquinho Caixeta Ferreira', 'luiz.caixeta@ifsuldeminas.edu.br', '(35) 3697-4950', '', 'Sim', NULL, 0),
	(537, 5, 5, 1, '2394957', 'Luiz Rogerio Ribeiro Teixeira Ferraz', 'luiz.ferraz@ifsuldeminas.edu.br', NULL, '', 'Sim', NULL, 0),
	(538, 5, 5, 1, '1845570', 'Marcio Luiz Bess', 'marcio.bess@ifsuldeminas.edu.br', '(35) 3697-4950', '', 'Sim', NULL, 0),
	(539, 5, 5, 1, '2359115', 'Marco Aparecido de Brito', 'marco.brito@ifsuldeminas.edu.br', NULL, '', 'Sim', NULL, 0),
	(540, 5, 5, 1, '1529683', 'Marcos Roberto Alves', 'marcos.alves@ifsuldeminas.edu.br', NULL, '', 'Sim', NULL, 0),
	(541, 5, 5, 1, '2426771', 'Marielle Rezende de Andrade', 'marielle.andrade@ifsuldeminas.edu.br', NULL, '', 'Sim', NULL, 0),
	(542, 5, 5, 1, '2415254', 'Marilene Vivili de Oliveira', 'marilenevilili@yahoo.com.br', NULL, '', 'Não', NULL, 0),
	(543, 5, 5, 1, '2060696', 'Mateus dos Santos', 'mateus.santos@ifsuldeminas.edu.br', '(35) 3697-4950', '', 'Sim', NULL, 0),
	(544, 5, 5, 1, '2165795', 'Melina Mara de Souza', 'melina.souza@ifsuldeminas.edu.br', '(35) 3697-4950', '', 'Sim', NULL, 0),
	(545, 5, 5, 1, '1845458', 'Mireile Reis dos Santos', 'mireile.santos@ifsuldeminas.edu.br', '(35) 3697-4950', '', 'Sim', NULL, 0),
	(546, 5, 5, 1, '1825426', 'Nathalia Luiz de Freitas', 'nathalia.freitas@ifsuldeminas.edu.br', NULL, '', 'Sim', NULL, 0),
	(547, 5, 5, 1, '1906366', 'Paulo Cesar Domingues', 'paulo.domingues@ifsuldeminas.edu.br', NULL, '', 'Sim', NULL, 0),
	(548, 5, 5, 1, '1807816', 'Paulo Muniz de Avila', 'paulo.avila@ifsuldeminas.edu.br', '(35) 3697-4950', '', 'Sim', NULL, 0),
	(549, 5, 5, 1, '2020292', 'Rafael Hansen Madail', 'rafael.madail@ifsuldeminas.edu.br', '(35) 3697-4950', '', 'Sim', NULL, 0),
	(550, 5, 5, 1, '2084616', 'Rafael Hansen Madail', 'rafael.madail@ifsuldeminas.edu.br', NULL, '', 'Sim', NULL, 0),
	(551, 5, 5, 1, '1906199', 'Ricardo Ramos de Oliveira', 'ricardo.ramos@ifsuldeminas.edu.br', '(35) 3697-4950', '', 'Sim', NULL, 0),
	(552, 5, 5, 1, '2170069', 'Robson Nogueira Tomas', 'robson.tomas@ifsuldeminas.edu.br', NULL, '', 'Sim', NULL, 0),
	(553, 5, 5, 1, '1606908', 'Rodrigo Licio Ortolan', 'rodrigo.ortolan@ifsuldeminas.edu.br', '(35) 3697-4950', '', 'Sim', NULL, 0),
	(554, 5, 5, 1, '2168173', 'Rogerio Coli da Cunha', 'rogerio.cunha@ifsuldeminas.edu.br', '(35) 3697-4950', '', 'Sim', NULL, 0),
	(555, 5, 5, 1, '1244740', 'Rony Mark da Silva', 'rony.silva@ifsuldeminas.edu.br', NULL, '', 'Sim', NULL, 0),
	(556, 5, 5, 1, '1985072', 'Sara Beloti Ferreira', 'sara.ferreira@ifsuldeminas.edu.br', NULL, '', 'Sim', NULL, 0),
	(557, 5, 5, 1, '1323616', 'Sergio Goulart Alves Pereira', 'sergio.pereira@ifsuldeminas.edu.br', NULL, '', 'Sim', NULL, 0),
	(558, 5, 5, 1, '3032667', 'Straus Michalsky Martins', 'straus.michalsky@ifsuldeminas.edu.br', NULL, '', 'Sim', NULL, 0),
	(559, 5, 5, 1, '1975264', 'Sylvana Cardoso da Silva e Almeida', 'sylvana.almeida@ifsuldeminas.edu.br', NULL, '', 'Sim', NULL, 0),
	(560, 5, 5, 1, '2305767', 'Tatiana Dias Chiacchio', 'tatiana.chiacchio@ifsuldeminas.edu.br', NULL, '', 'Sim', NULL, 0),
	(561, 5, 5, 1, '1747751', 'Thiago Caproni Tavares', 'thiago.tavares@ifsuldeminas.edu.br', '(35) 3697-4950', '', 'Sim', NULL, 0),
	(562, 5, 5, 1, '1890694', 'Thiago de Sousa Santos', 'thiago.santos@ifsuldeminas.edu.br', '(35) 3697-4950', '', 'Sim', NULL, 0),
	(563, 5, 5, 1, '1911512', 'Thomaz Alvisi de Oliveira', 'thomaz.oliveira@ifsuldeminas.edu.br', '(35) 3697-4950', '', 'Sim', NULL, 0),
	(564, 5, 5, 1, '1754118', 'Vagno Emygdio Machado Dias', 'vagno.dias@ifsuldeminas.edu.br', NULL, '', 'Sim', NULL, 0),
	(565, 5, 5, 1, '2190246', 'Vanessa Moreira Giarola', 'vanessa.giarola@ifsuldeminas.edu.br', '(35) 3697-4950', '', 'Sim', NULL, 0),
	(566, 5, 5, 1, '2327955', 'Viviane Priscila Silva Santos', 'viviane.santos@ifsuldeminas.edu.br', NULL, '', 'Sim', NULL, 0),
	(567, 5, 5, 1, '1986675', 'Willianice Soares Maia', 'willianice.maia@ifsuldeminas.edu.br', NULL, '', 'Sim', NULL, 0),
	(568, 5, 5, 1, '2426785', 'Yadyr Augusto Figueiredo Filho', 'yadyr.figueiredo@ifsuldeminas.edu.br', NULL, '', 'Sim', NULL, 0),
	(569, 5, 5, 1, '1145129', 'Yull Heilordt Henao Roa', 'yull.roa@ifsuldeminas.edu.br', '(35) 3697-4950', '', 'Sim', NULL, 0),
	(570, 8, 8, 1, '2187297', 'Adriano Cassio Baldim', 'adriano.baldim@ifsuldeminas.edu.br', '35 3239-9494', '', 'Sim', NULL, 0),
	(571, 8, 8, 1, '1160737', 'Alex Reis da Silva', 'alexreis.silva@ifsuldeminas.edu.br', NULL, '', 'Sim', NULL, 0),
	(572, 8, 8, 1, '1280343', 'Aline Pereira Sales Morel', 'aline.morel@ifsuldeminas.edu.br', '(35) 3232-9494', '', 'Sim', NULL, 0),
	(573, 8, 8, 1, '1844924', 'Amauri Araujo Antunes', 'amauri.antunes@ifsuldeminas.edu.br', '(35) 3232-9494', '', 'Sim', NULL, 0),
	(574, 8, 8, 1, '2402007', 'Amir Abdala', 'amir.abdala@ifsuldeminas.edu.br', NULL, '', 'Sim', NULL, 0),
	(575, 8, 8, 1, '1669073', 'Antonio Sergio da Costa', 'antonio.sergio@ifsuldeminas.edu.br', NULL, '', 'Sim', NULL, 0),
	(576, 8, 8, 1, '2173115', 'Benedito Geovani Martins de Paiva', 'benedito.paiva@ifsuldeminas.edu.br', NULL, '', 'Sim', NULL, 0),
	(577, 8, 8, 1, '1958092', 'Bruno Amarante Couto Rezende', 'bruno.rezende@ifsuldeminas.edu.br', NULL, '', 'Sim', NULL, 0),
	(578, 8, 8, 1, '1047176', 'Carlos Jose dos Santos', 'carlos.santos@ifsuldeminas.edu.br', '35 3239-9458', '', 'Sim', NULL, 0),
	(579, 8, 8, 1, '2857892', 'Donizeti Leandro de Souza', 'donizeti.souza@ifsuldeminas.edu.br', '(35) 3232-9494', '', 'Sim', NULL, 0),
	(580, 8, 8, 1, '1757109', 'Edilson Luiz Candido', 'edilson.candido@ifsuldeminas.edu.br', '35 3239-9494', '', 'Sim', NULL, 0),
	(581, 8, 8, 1, '1563451', 'Emanuela Francisca Ferreira Silva', 'emanuela.silva@ifsuldeminas.edu.br', '(35) 3232-9494', '', 'Sim', NULL, 0),
	(582, 8, 8, 1, '1991810', 'Fabio Caputo Dalpra', 'fabio.dalpra@ifsuldeminas.edu.br', '(35) 3232-9494', '', 'Sim', NULL, 0),
	(583, 8, 8, 1, '1212844', 'Gissele Bonafe Costa de Abreu', 'gissele.abreu@ifsuldeminas.edu.br', NULL, '', 'Sim', NULL, 0),
	(584, 8, 8, 1, '1763931', 'Joao Francisco Malachias Marques', 'joaofrancisco.marques@ifsuldeminas.edu.br', '35 3239-9494', '', 'Sim', NULL, 0),
	(585, 8, 8, 1, '2187345', 'Leiziane Neves de Azara', 'leiziane.azara@ifsuldeminas.edu.br', NULL, '', 'Sim', NULL, 0),
	(586, 8, 8, 1, '1466180', 'Lourdes Aparecida Ribeiro', 'lourdes.ribeiro@ifsuldeminas.edu.br', '(35) 3239-9494', '', 'Sim', NULL, 0),
	(587, 8, 8, 1, '1047539', 'Luciane de Castro Quintiliano', 'luciane.quintiliano@ifsuldeminas.edu.br', '(35) 3232-9494', '', 'Sim', NULL, 0),
	(588, 8, 8, 1, '2188698', 'Marcia Aparecida de Paiva Silva', 'marcia.silva@ifsuldeminas.edu.br', NULL, '', 'Sim', NULL, 0),
	(589, 8, 8, 1, '1884032', 'Marcia Sibele Lisboa Tavares', 'marcia.tavares@ifsuldeminas.edu.br', NULL, '', 'Sim', NULL, 0),
	(590, 8, 8, 1, '1890627', 'Renato Saldanha Bastos', 'renato.bastos@ifsuldeminas.edu.br', NULL, '', 'Sim', NULL, 0),
	(591, 8, 8, 1, '1145771', 'Rogerio Barros de Paiva', 'rogeriobarros.paiva@ifsuldeminas.edu.br', NULL, '', 'Sim', NULL, 0),
	(592, 8, 8, 1, '2297620', 'Sanderson Lucas Menezes Barra', 'sanderson.barra@ifsuldeminas.edu.br', NULL, '', 'Sim', NULL, 0),
	(593, 8, 8, 1, '2274084', 'Sebastiao Mauro Filho', 'sebastiao.filho@ifsuldeminas.edu.br', '(35) 3239-9494', '', 'Sim', NULL, 0),
	(594, 8, 8, 1, '1018981', 'Solange Moreira Dias de Lima', 'solange.lima@ifsuldeminas.edu.br', NULL, '', 'Sim', NULL, 0),
	(595, 8, 8, 1, '2257845', 'Tiago Rocha Melo', 'tiago.melo@ifsuldeminas.edu.br', '(35) 3239-9494', '', 'Sim', NULL, 0),
	(596, 7, 7, 1, '1011236', 'Adriano Alvarenga Gajo', 'adriano.gajo@ifsuldeminas.edu.br', '(35) 99809-7953', '', 'Sim', NULL, 0),
	(597, 7, 7, 1, '2616244', 'Belami Cassia da Silva', 'belami.silva@ifsuldeminas.edu.br', '(35) 99809-7953', '', 'Sim', NULL, 0),
	(598, 7, 7, 1, '2357022', 'Christiane Nascimento Ferreira', 'christiane.ferreira@ifsuldeminas.edu.br', NULL, '', 'Sim', NULL, 0),
	(599, 7, 7, 1, '1906350', 'Giovane Jose da Silva', 'giovane.silva@ifsuldeminas.edu.br', NULL, '', 'Sim', NULL, 0),
	(600, 7, 7, 1, '2172968', 'Janderson Martins Vaz', 'janderson.vaz@ifsuldeminas.edu.br', '(35) 99809-7953', '', 'Sim', NULL, 0),
	(601, 7, 7, 1, '1639708', 'Joao Olympio de Araujo Neto', 'joao.olympio@ifsuldeminas.edu.br', '(35) 99921-6441', '', 'Sim', NULL, 0),
	(602, 7, 7, 1, '1163339', 'Jose Carlos Silverio dos Santos', 'josecarlos.santos@ifsuldeminas.edu.br', NULL, '', 'Sim', NULL, 0),
	(603, 7, 7, 1, '2408816', 'Jose Celso de Castro', 'josecelso.castro@ifsuldeminas.edu.br', NULL, '', 'Sim', NULL, 0),
	(604, 7, 7, 1, '1955042', 'Joyce Alves de Oliveira', 'joyce.oliveira@ifsuldeminas.edu.br', NULL, '', 'Sim', NULL, 0),
	(605, 7, 7, 1, '1124426', 'Juliete Aparecida Ramos Costa', 'juliete.costa@ifsuldeminas.edu.br', '(35) 99809-7953', '', 'Sim', NULL, 0),
	(606, 7, 7, 1, '1155349', 'Lilian Ferrugini', 'lilian.ferrugini@ifsuldeminas.edu.br', '(35) 99808-7953', '', 'Sim', NULL, 0),
	(607, 7, 7, 1, '2173031', 'Lilian Vanessa Silva', 'lilian.silva@ifsuldeminas.edu.br', '(35) 99809-7953', '', 'Sim', NULL, 0),
	(608, 7, 7, 1, '2390308', 'Lucas Barbosa Pelissari', 'luiz.pelissari@ifsuldeminas.edu.br', NULL, '', 'Sim', NULL, 0),
	(609, 7, 7, 1, '1673882', 'Luis Gustavo Martinez dos Santos', 'luis.santos@ifsuldeminas.edu.br', '(35) 99809-7953', '', 'Sim', NULL, 0),
	(610, 7, 7, 1, '2241332', 'Luiz Gustavo de Mello', 'luizgustavo.mello@ifsuldeminas.edu.br', '(35) 99809-7953', '', 'Sim', NULL, 0),
	(611, 7, 7, 1, '1588139', 'Max Olinto Moreira', 'max.moreira@ifsuldeminas.edu.br', '(35) 99809-7953', '', 'Sim', NULL, 0),
	(612, 7, 7, 1, '3916310', 'Michele Martins da Silva', 'michele.silva@ifsuldeminas.edu.br', NULL, '', 'Sim', NULL, 0),
	(613, 7, 7, 1, '2274267', 'Simea Paula de Carvalho Ceballos', 'simea.ceballos@ifsuldeminas.edu.br', NULL, '', 'Sim', NULL, 0),
	(1024, 1, 1, 2, '1037832', 'Adevaldo Jose da Silva', 'adevaldo.silva@ifsuldeminas.edu.br', NULL, '', 'Sim', NULL, 0),
	(1025, 1, 1, 2, '1755877', 'Adriana da Silva Oliveira Dallo', 'adriana.oliveira@ifsuldeminas.edu.br', NULL, '', 'Sim', NULL, 0),
	(1026, 1, 1, 2, '1221867', 'Adriana Martins da Silva Santos', 'adriana.santos@ifsuldeminas.edu.br', NULL, '', 'Sim', NULL, 0),
	(1027, 1, 1, 2, '1215317', 'Adriana Nilceia Scheffer', 'adriana.scheffer@ifsuldeminas.edu.br', NULL, '', 'Sim', NULL, 0),
	(1028, 1, 1, 2, '1104666', 'Agnaldo Tadeu Hermogenes', 'agnaldo.hermogenes@ifsuldeminas.edu.br', NULL, '', 'Sim', NULL, 0),
	(1029, 1, 1, 2, '2052116', 'Aline Silva dos Santos', 'aline.santos@ifsuldeminas.edu.br', NULL, '', 'Sim', NULL, 0),
	(1030, 1, 1, 2, '2189331', 'Ana Paula dos Santos Vianna de Andrade', 'ana.andrade@ifsuldeminas.edu.br', NULL, '', 'Sim', NULL, 0),
	(1031, 1, 1, 2, '2377653', 'Andre Rodrigues Correa Gomes', 'andre.gomes@ifsuldeminas.edu.br', NULL, '', 'Sim', NULL, 0),
	(1032, 1, 1, 2, '1803873', 'Angela Regina Pinto', 'angela.pinto@ifsuldeminas.edu.br', NULL, '', 'Sim', NULL, 0),
	(1033, 1, 1, 2, '53141', 'Antonio Marcos de Godoi', 'antonio.godoi@ifsuldeminas.edu.br', NULL, '', 'Sim', NULL, 0),
	(1034, 1, 1, 2, '2264647', 'Ariane Helena Marciano Fernandes', 'ariane.fernandes@ifsuldeminas.edu.br', NULL, '', 'Sim', NULL, 0),
	(1035, 1, 1, 2, '49490', 'Artur Dimas Franz Santos', 'artur.santos@ifsuldeminas.edu.br', NULL, '', 'Sim', NULL, 0),
	(1036, 1, 1, 2, '1929356', 'Bruno Manoel Rezende de Melo', 'bruno.melo@ifsuldeminas.edu.br', '(35) 3464-1200', '', 'Sim', NULL, 0),
	(1037, 1, 1, 2, '1892846', 'Carla Pacheco Govea', 'carla.pacheco@ifsuldeminas.edu.br', NULL, '', 'Sim', NULL, 0),
	(1038, 1, 1, 2, '2339442', 'Carlos Augusto da Silva Martins', 'carlos.martins@ifsuldeminas.edu.br', NULL, '', 'Sim', NULL, 0),
	(1039, 1, 1, 2, '2085182', 'Caroline Maria Machado Alves', 'caroline.machado@ifsuldeminas.edu.br', NULL, '', 'Sim', NULL, 0),
	(1040, 1, 1, 2, '1213064', 'Cesar Bonifacio Junqueira', 'cesar.junqueira@ifsuldeminas.edu.br', NULL, '', 'Sim', NULL, 0),
	(1041, 1, 1, 2, '1105043', 'Claudino Pinto Cardoso', 'claudino.cardoso@ifsuldeminas.edu.br', NULL, '', 'Sim', NULL, 0),
	(1042, 1, 1, 2, '1792935', 'Cleonice Maria da Silva', 'cleonice.silva@ifsuldeminas.edu.br', '(35) 3464-1200', '', 'Sim', NULL, 0),
	(1043, 1, 1, 2, '1892063', 'Cristiane de Freitas', 'cristiane.freitas@ifsuldeminas.edu.br', NULL, '', 'Sim', NULL, 0),
	(1044, 1, 1, 2, '49521', 'Ediney Sebastiao Paradelo', 'ediney.paradelo@ifsuldeminas.edu.br', NULL, '', 'Sim', NULL, 0),
	(1045, 1, 1, 2, '49499', 'Edison Clayton Pistelli', 'edison.pistelli@ifsuldeminas.edu.br', NULL, '', 'Sim', NULL, 0),
	(1046, 1, 1, 2, '1789211', 'Eduardo de Oliveira Rodrigues', 'eduardo.rodrigues@ifsuldeminas.edu.br', '(35) 3464-1262', '', 'Sim', NULL, 0),
	(1047, 1, 1, 2, '1957670', 'Emerson Michelin', 'emerson.michelin@ifsuldeminas.edu.br', NULL, '', 'Sim', NULL, 0),
	(1048, 1, 1, 2, '2161251', 'Erika Paula Pereira', 'erika.pereira@ifsuldeminas.edu.br', NULL, '', 'Sim', NULL, 0),
	(1049, 1, 1, 2, '1556907', 'Eufrasia de Souza Melo', 'eufrasia.melo@ifsuldeminas.edu.br', NULL, '', 'Sim', NULL, 0),
	(1050, 1, 1, 2, '1673981', 'Eustachio Carneiro', 'eustachio.carneiro@ifsuldeminas.edu.br', NULL, '', 'Sim', NULL, 0),
	(1051, 2, 2, 2, '2561888', 'Fabio Brazier', 'Fabio.brazier@ifsuldeminas.edu.br', '(35) 3464-1200 – Ramal 223', '', 'Sim', NULL, 0),
	(1052, 1, 1, 2, '1747422', 'Fernanda Coutinho Pinheiro da Rosa', 'fernanda.pinheiro@ifsuldeminas.edu.br', '(35) 3464-1200', '', 'Sim', NULL, 0),
	(1053, 1, 1, 2, '1587705', 'Fernando Jacometti Soares', 'fernando.soares@ifsuldeminas.edu.br', NULL, '', 'Sim', NULL, 0),
	(1054, 1, 1, 2, '1037837', 'Flavio Eduardo Vilas Boas', 'flavio.boas@ifsuldeminas.edu.br', NULL, '', 'Sim', NULL, 0),
	(1055, 1, 1, 2, '1109671', 'Flavio Favilla', 'flavio.favilla@ifsuldeminas.edu.br', NULL, '', 'Sim', NULL, 0),
	(1056, 1, 1, 2, '49502', 'Francisco Carlos Bonamichi do Couto', 'francisco.couto@ifsuldeminas.edu.br', NULL, '', 'Sim', NULL, 0),
	(1057, 1, 1, 2, '1891851', 'Gilcimar Dallo', 'gilcimar.dallo@ifsuldeminas.edu.br', NULL, '', 'Sim', NULL, 0),
	(1058, 1, 1, 2, '2437889', 'Heleno Lupinacci Carneiro', 'heleno.lupinacci@ifsuldeminas.edu.br', NULL, '', 'Sim', NULL, 0),
	(1059, 1, 1, 2, '1671637', 'Hugo Sarapo Costa', 'hugo.sarapo@ifsuldeminas.edu.br', NULL, '', 'Sim', NULL, 0),
	(1060, 1, 1, 2, '49507', 'Ieda Maria da Costa', 'ieda.costa@ifsuldeminas.edu.br', NULL, '', 'Sim', NULL, 0),
	(1061, 1, 1, 2, '49496', 'Jesus Bento da Silva', 'jesus.silva@ifsuldeminas.edu.br', NULL, '', 'Sim', NULL, 0),
	(1062, 1, 1, 2, '51863', 'Jesus do Nascimento Pereira', 'jesus.pereira@ifsuldeminas.edu.br', NULL, '', 'Sim', NULL, 0),
	(1063, 1, 1, 2, '49889', 'Joana Maria Silva do Vale', 'joana.brito@ifsuldeminas.edu.br', NULL, '', 'Sim', NULL, 0),
	(1064, 1, 1, 2, '1221877', 'Jose Carlos Costa', 'jose.costa@ifsuldeminas.edu.br', NULL, '', 'Sim', NULL, 0),
	(1065, 1, 1, 2, '53482', 'Jose Roberto de Carvalho', 'jose.carvalho@ifsuldeminas.edu.br', NULL, '', 'Sim', NULL, 0),
	(1066, 1, 1, 2, '2025936', 'Jose Valmei Bueno', 'valmei.bueno@ifsuldeminas.edu.br', NULL, '', 'Sim', NULL, 0),
	(1067, 1, 1, 2, '1863101', 'Juliana Gomes Tenorio Moura', 'juliana.tenorio@ifsuldeminas.edu.br', NULL, '', 'Sim', NULL, 0),
	(1068, 1, 1, 2, '53099', 'Julio Cesar de Almeida', 'julio.almeida@ifsuldeminas.edu.br', NULL, '', 'Sim', NULL, 0),
	(1069, 1, 1, 2, '1891797', 'Lais de Souza', 'lais.souza@ifsuldeminas.edu.br', NULL, '', 'Sim', NULL, 0),
	(1070, 1, 1, 2, '1105046', 'Laodiceia Vaz de Lima Souza', 'laodiceia.souza@ifsuldeminas.edu.br', NULL, '', 'Sim', NULL, 0),
	(1071, 1, 1, 2, '2382182', 'Leonardo Henrique Silva', 'leonardo.silva@ifsuldeminas.edu.br', NULL, '', 'Sim', NULL, 0),
	(1072, 1, 1, 2, '2143697', 'Lidiane de Oliveira', 'lidiane.oliveira@ifsuldeminas.edu.br', NULL, '', 'Sim', NULL, 0),
	(1073, 1, 1, 2, '2587327', 'Lindolfo Ribeiro da Silva Junior', 'lindolfo.junior@ifsuldeminas.edu.br', NULL, '', 'Sim', NULL, 0),
	(1074, 1, 1, 2, '2962744', 'Lucas Deleon Ramirio', 'lucas.ramirio@ifsuldeminas.edu.br', NULL, '', 'Sim', NULL, 0),
	(1075, 1, 1, 2, '1027889', 'Lucio Adriano Galvao de Oliveira', 'lucio.oliveira@ifsuldeminas.edu.br', NULL, '', 'Sim', NULL, 0),
	(1076, 1, 1, 2, '1438330', 'Luighi Fabiano Barbato Silveira', 'luighi.silveira@ifsuldeminas.edu.br', NULL, '', 'Sim', NULL, 0),
	(1077, 1, 1, 2, '49461', 'Luiz Carlos Pereira', 'luiz.pereira@ifsuldeminas.edu.br', NULL, '', 'Sim', NULL, 0),
	(1078, 1, 1, 2, '1643321', 'Magda Maria Pereira', 'magda.faria@ifsuldeminas.edu.br', NULL, '', 'Sim', NULL, 0),
	(1079, 1, 1, 2, '1327378', 'Marcos Cesar Fredericci', 'marcos.fredericci@ifsuldeminas.edu.br', NULL, '', 'Sim', NULL, 0),
	(1080, 1, 1, 2, '1748667', 'Marcos Roberto dos Santos', 'marcos.santos@ifsuldeminas.edu.br', NULL, '', 'Sim', NULL, 0),
	(1081, 1, 1, 2, '49495', 'Maria do Carmo da Silva Bonamichi', 'maria.bonamichi@ifsuldeminas.edu.br', NULL, '', 'Sim', NULL, 0),
	(1082, 1, 1, 2, '1604053', 'Maria Jose Adami Bueno', 'maria.adami@ifsuldeminas.edu.br', NULL, '', 'Sim', NULL, 0),
	(1083, 1, 1, 2, '1955411', 'Marly Cristina Barbosa Ribeiro', 'marly.ribeiro@ifsuldeminas.edu.br', NULL, '', 'Sim', NULL, 0),
	(1084, 1, 1, 2, '49518', 'Martinho Cezar Alberti', 'martinho.alberti@ifsuldeminas.edu.br', NULL, '', 'Sim', NULL, 0),
	(1085, 1, 1, 2, '2869100', 'Mateus Henrique Pereira Goncalves', 'mateus.goncalves@ifsuldeminas.edu.br', NULL, '', 'Sim', NULL, 0),
	(1086, 1, 1, 2, '1098636', 'Maura Pereira Fagundes Garcia', 'maura.garcia@ifsuldeminas.edu.br', NULL, '', 'Sim', NULL, 0),
	(1087, 1, 1, 2, '49485', 'Oliveiros Miranda dos Santos', 'oliveiros.santos@ifsuldeminas.edu.br', NULL, '', 'Sim', NULL, 0),
	(1088, 1, 1, 2, '54128', 'Patricia Guidi Ramos Pistelli', 'patrícia.guidi@ifsuldeminas.edu.br', NULL, '', 'Sim', NULL, 0),
	(1089, 1, 1, 2, '1814294', 'Paula Erika Goedert Dona', 'paula.dona@ifsuldeminas.edu.br', NULL, '', 'Sim', NULL, 0),
	(1090, 1, 1, 2, '49488', 'Paulo Sergio Bonamichi', 'paulo.bonamichi@ifsuldeminas.edu.br', NULL, '', 'Sim', NULL, 0),
	(1091, 1, 1, 2, '1441596', 'Pedro Paulo Oliveira', 'pedro.oliveira@ifsuldeminas.edu.br', NULL, '', 'Sim', NULL, 0),
	(1092, 1, 1, 2, '2208859', 'Priscilla Lopes Ribeiro', 'priscilla.ribeiro@ifsuldeminas.edu.br', NULL, '', 'Sim', NULL, 0),
	(1093, 1, 1, 2, '53144', 'Rafael Luiz Rafaeli', 'rafael.rafaeli@ifsuldeminas.edu.br', NULL, '', 'Sim', NULL, 0),
	(1094, 1, 1, 2, '1437732', 'Rafaella Lacerda Crestani', 'rafaella.crestani@ifsuldeminas.edu.br', NULL, '', 'Sim', NULL, 0),
	(1095, 1, 1, 2, '2343552', 'Reginaldo Aparecido Silva', 'reginaldo.silva@ifsuldeminas.edu.br', '(35) 3464-1200 - Ramal 9112 - Celular: (35) 99851-6767', '', 'Sim', NULL, 0),
	(1096, 1, 1, 2, '1516606', 'Ricardo Silverio Dias', 'ricardo.dias@ifsuldeminas.edu.br', NULL, '', 'Sim', NULL, 0),
	(1097, 1, 1, 2, '2606515', 'Rita Maria Paraiso Vieira', 'rita.paraiso@ifsuldeminas.edu.br', NULL, '', 'Sim', NULL, 0),
	(1098, 1, 1, 2, '1747358', 'Roberto Mendonca Maranho', 'roberto.mendonca@ifsuldeminas.edu.br', NULL, '', 'Sim', NULL, 0),
	(1099, 1, 1, 2, '2209931', 'Rogerio Robs Fanti Raimundo', 'rogerio.robs@ifsuldeminas.edu.br', NULL, '', 'Sim', NULL, 0),
	(1100, 1, 1, 2, '49497', 'Ronaldo Reale', 'ronaldo.reale@ifsuldeminas.edu.br', NULL, '', 'Sim', NULL, 0),
	(1101, 1, 1, 2, '1391151', 'Ronaldo Zacarias Costa', 'ronaldo.costa@ifsuldeminas.edu.br', NULL, '', 'Sim', NULL, 0),
	(1102, 1, 1, 2, '49500', 'Sergio Diogo de Padua', 'sergio.padua@ifsuldeminas.edu.br', NULL, '', 'Sim', NULL, 0),
	(1103, 1, 1, 2, '49504', 'Sheila Guidi Soares Pistelli', 'sheila.guidi@ifsuldeminas.edu.br', NULL, '', 'Sim', NULL, 0),
	(1104, 1, 1, 2, '53611', 'Silvana Candido da Silva', 'silvana.silva@ifsuldeminas.edu.br', NULL, '', 'Sim', NULL, 0),
	(1105, 1, 1, 2, '49486', 'Silverio Vasconcelos Braga', 'silverio.braga@ifsuldeminas.edu.br', NULL, '', 'Sim', NULL, 0),
	(1106, 1, 1, 2, '2671555', 'Sissi Karoline Bueno da Silva', 'sissi.bueno@ifsuldeminas.edu.br', NULL, '', 'Sim', NULL, 0),
	(1107, 1, 1, 2, '1747390', 'Taciano Benedito Fernandes', 'taciano.fernandes@ifsuldeminas.edu.br', NULL, '', 'Sim', NULL, 0),
	(1108, 1, 1, 2, '1603655', 'Tania Goncalves Bueno da Silva', 'tania.silva@ifsuldeminas.edu.br', NULL, '', 'Sim', NULL, 0),
	(1109, 1, 1, 2, '1742949', 'Thiago Caixeta Scalco', 'thiago.scalco@ifsuldeminas.edu.br', NULL, '', 'Sim', NULL, 0),
	(1110, 1, 1, 2, '1788975', 'Thiago Marcal da Silva', 'thiago.silva@ifsuldeminas.edu.br', NULL, '', 'Sim', NULL, 0),
	(1111, 1, 1, 2, '2055002', 'Tiago Ariel Ribeiro Bento', 'tiago.bento@ifsuldeminas.edu.br', NULL, '', 'Sim', NULL, 0),
	(1112, 1, 1, 2, '1979699', 'Tone Vander Marcilio', 'tone.marcilio@ifsuldeminas.edu.br', NULL, '', 'Sim', NULL, 0),
	(1113, 1, 1, 2, '49511', 'Vladmir Fernandes', 'vladmir.fernandes@ifsuldeminas.edu.br', NULL, '', 'Sim', NULL, 0),
	(1114, 1, 1, 2, '49509', 'Wagner Geraldo Alves Silveres', 'wagner.silveres@ifsuldeminas.edu.br', NULL, '', 'Sim', NULL, 0),
	(1115, 1, 1, 2, '1892689', 'Wagner Roberto Pereira', 'wagner.pereira@ifsuldeminas.edu.br', NULL, '', 'Sim', NULL, 0),
	(1116, 1, 1, 2, '2032587', 'Wanderson Rodrigues da Silva', 'wanderson.silva@ifsuldeminas.edu.br', NULL, '', 'Sim', NULL, 0),
	(1117, 1, 1, 2, '49510', 'Wilson Roberto Pereira', 'wilson.pereira@ifsuldeminas.edu.br', NULL, '', 'Sim', NULL, 0),
	(1118, 2, 2, 2, '1982961', 'Alyne Goncalves Siqueira Luz e Silva', 'alyne.silva@ifsuldeminas.edu.br', NULL, '', 'Sim', NULL, 0),
	(1119, 2, 2, 2, '1817991', 'Ana Cristina Ferreira Guimaraes', 'ana.guimaraes@ifsuldeminas.edu.br', NULL, '', 'Sim', NULL, 0),
	(1120, 2, 2, 2, '1103988', 'Ana Lucia de Oliveira', 'analucia.oliveira@ifsuldeminas.edu.br', NULL, '', 'Sim', NULL, 0),
	(1121, 2, 2, 2, '1085777', 'Ana Lucia Silvestre', 'ana.silvestre@ifsuldeminas.edu.br', NULL, '', 'Sim', NULL, 0),
	(1122, 2, 2, 2, '1742950', 'Ana Luiza Macedo Romanelli', 'ana.romanelli@ifsuldeminas.edu.br', NULL, '', 'Sim', NULL, 0),
	(1123, 2, 2, 2, '1587306', 'Ana Paula Bernardes da Silva', 'ana.silva@ifsuldeminas.edu.br', NULL, '', 'Sim', NULL, 0),
	(1124, 2, 2, 2, '1698912', 'Andressa Magalhaes D Andrea', 'andressa.dandrea@ifsuldeminas.edu.br', NULL, '', 'Sim', NULL, 0),
	(1125, 2, 2, 2, '1439738', 'Antonio Carlos Estanislau', 'antonio.estanislau@ifsuldeminas.edu.br', NULL, '', 'Sim', NULL, 0),
	(1126, 2, 2, 2, '1172201', 'Antonio Carvalho Caixeta', 'antonio.caixeta@ifsuldeminas.edu.br', NULL, '', 'Sim', NULL, 0),
	(1127, 2, 2, 2, '1673993', 'Antonio Marcos de Lima', 'antonio.marcos@ifsuldeminas.edu.br', NULL, '', 'Sim', NULL, 0),
	(1128, 2, 2, 2, '749147', 'Antonio Nicodemos Pereira', 'antonio.pereira@ifsuldeminas.edu.br', NULL, '', 'Sim', NULL, 0),
	(1129, 2, 2, 2, '1603636', 'Aydison Neves Rezende', 'aydison.rezende@ifsuldeminas.edu.br', NULL, '', 'Sim', NULL, 0),
	(1130, 2, 2, 2, '3684522', 'Belchior Goncalves', 'belchior.goncalves@ifsuldeminas.edu.br', NULL, '', 'Sim', NULL, 0),
	(1131, 2, 2, 2, '2130013', 'Brenno Leonardo Tavares Lopes', 'brenno.lopes@ifsuldeminas.edu.br', NULL, '', 'Sim', NULL, 0),
	(1132, 2, 2, 2, '1795704', 'Bruna Goncalves Machado', 'bruna.goncalves@ifsuldeminas.edu.br', NULL, '', 'Sim', NULL, 0),
	(1133, 2, 2, 2, '2779486', 'Cairo Aparecido Campos', 'cairo.campos@ifsuldeminas.edu.br', NULL, '', 'Sim', NULL, 0),
	(1134, 2, 2, 2, '2035922', 'Camilo Antonio de Assis Barbosa', 'camilo.barbosa@ifsuldeminas.edu.br', NULL, '', 'Sim', NULL, 0),
	(1135, 2, 2, 2, '49603', 'Carlos Nobre de Carvalho', 'carlos.nobre@ifsuldeminas.edu.br', NULL, '', 'Sim', NULL, 0),
	(1136, 2, 2, 2, '1845364', 'Claudia Daniela de Souza', 'claudia.souza@ifsuldeminas.edu.br', NULL, '', 'Sim', NULL, 0),
	(1137, 2, 2, 2, '1516588', 'Claudio Roberto Fernandes', 'claudio.fernandes@ifsuldeminas.edu.br', NULL, '', 'Sim', NULL, 0),
	(1138, 2, 2, 2, '1958297', 'Cornelio Camargo Junior', 'cornelio.junior@ifsuldeminas.edu.br', NULL, '', 'Sim', NULL, 0),
	(1139, 2, 2, 2, '1795700', 'Crecilia Domingues da Silva', 'crecilia.silva@ifsuldeminas.edu.br', NULL, '', 'Sim', NULL, 0),
	(1140, 2, 2, 2, '1896873', 'Cristiane Santos Freire Barbosa', 'cristiane.barbosa@ifsuldeminas.edu.br', NULL, '', 'Sim', NULL, 0),
	(1141, 2, 2, 2, '2036998', 'Dayene de Freitas Oliveira', 'dayene.oliveira@ifsuldeminas.edu.br', NULL, '', 'Sim', NULL, 0),
	(1142, 2, 2, 2, '1586955', 'Debora Jucely de Carvalho', 'debora.carvalho@ifsuldeminas.edu.br', NULL, '', 'Sim', NULL, 0),
	(1143, 2, 2, 2, '2605809', 'Deborah Sepini Batista', 'deborah.batista@ifsuldeminas.edu.br', NULL, '', 'Sim', NULL, 0),
	(1144, 2, 2, 2, '1795695', 'Edna Cristiane Nunes', 'edna.nunes@ifsuldeminas.edu.br', NULL, '', 'Sim', NULL, 0),
	(1145, 2, 2, 2, '1104031', 'Elber Antonio da Silva Leite', 'elber.leite@ifsuldeminas.edu.br', NULL, '', 'Sim', NULL, 0),
	(1146, 2, 2, 2, '1896460', 'Elineu Eber Souza Vieira', 'elineu.vieira@ifsuldeminas.edu.br', NULL, '', 'Sim', NULL, 0),
	(1147, 2, 2, 2, '1817262', 'Elivan Afonso Moraes', 'elivan.moraes@ifsuldeminas.edu.br', NULL, '', 'Sim', NULL, 0),
	(1148, 2, 2, 2, '2605252', 'Ellissa Castro Caixeta de Azevedo', 'ellissa.azevedo@ifsuldeminas.edu.br', '(35) 3295 9726', '', 'Sim', NULL, 0),
	(1149, 2, 2, 2, '1796665', 'Erlei Clementino dos Santos', 'erlei.santos@ifsuldeminas.edu.br', NULL, '', 'Sim', NULL, 0),
	(1150, 2, 2, 2, '1477711', 'Eusebio de Souza Dias Netto', 'eusebio.netto@ifsuldeminas.edu.br', NULL, '', 'Sim', NULL, 0),
	(1151, 2, 2, 2, '1135724', 'Fabricio Aparecido Bueno', 'fabricio.bueno@ifsuldeminas.edu.br', NULL, '', 'Sim', NULL, 0),
	(1152, 2, 2, 2, '1835193', 'Fellipe Joan Dantas Gomes', 'fellipe.gomes@ifsuldeminas.edu.br', NULL, '', 'Sim', NULL, 0),
	(1153, 2, 2, 2, '2077883', 'Fernanda Olivina Scalco Signoretti', 'fernanda.signoretti@ifsuldeminas.edu.br', NULL, '', 'Sim', NULL, 0),
	(1154, 2, 2, 2, '1213234', 'Fernando Bernardes Duarte', 'fernando.duarte@ifsuldeminas.edu.br', NULL, '', 'Sim', NULL, 0),
	(1155, 2, 2, 2, '1104901', 'Francisco Bianchini de Souza', 'francisco.souza@ifsuldeminas.edu.br', NULL, '', 'Sim', NULL, 0),
	(1156, 2, 2, 2, '49605', 'Geraldo Anacleto de Oliveira', 'geraldo.oliveira@ifsuldeminas.edu.br', NULL, '', 'Sim', NULL, 0),
	(1157, 2, 2, 2, '49599', 'Gilmar Siqueira Magalhaes', 'gilmar.magalhaes@ifsuldeminas.edu.br', NULL, '', 'Sim', NULL, 0),
	(1158, 2, 2, 2, '1748830', 'Gleydson Jose Pereira Vidigal', 'gleydson.vidigal@ifsuldeminas.edu.br', NULL, '', 'Sim', NULL, 0),
	(1159, 2, 2, 2, '2605618', 'Grenei Alves de Jesus', 'grenei.jesus@ifsuldeminas.edu.br', NULL, '', 'Sim', NULL, 0),
	(1160, 2, 2, 2, '2031018', 'Hailton Sebastiao de Oliveira', 'haylton.oliveira@ifsuldeminas.edu.br', NULL, '', 'Sim', NULL, 0),
	(1161, 2, 2, 2, '2222764', 'Ismar Batista Teles', 'ismar.teles@ifsuldeminas.edu.br', NULL, '', 'Sim', NULL, 0),
	(1162, 2, 2, 2, '1439737', 'Ivan Carlos de Macedo', 'ivan.macedo@ifsuldeminas.edu.br', NULL, '', 'Sim', NULL, 0),
	(1163, 2, 2, 2, '49597', 'Ivar Brigagao de Carvalho', 'ivar.brigagao@ifsuldeminas.edu.br', NULL, '', 'Sim', NULL, 0),
	(1164, 2, 2, 2, '1218327', 'Jacssane do Couto Andrade', 'jacssane.couto@ifsuldeminas.edu.br', NULL, '', 'Sim', NULL, 0),
	(1165, 2, 2, 2, '1212698', 'Jaime Afonso Maciel', 'jaime.maciel@ifsuldeminas.edu.br', NULL, '', 'Sim', NULL, 0),
	(1166, 2, 2, 2, '49602', 'Joao Batista Rabelo', 'joao.rabelo@ifsuldeminas.edu.br', NULL, '', 'Sim', NULL, 0),
	(1167, 2, 2, 2, '1674036', 'Jonathan Ribeiro de Araujo', 'jonathan.araujo@ifsuldeminas.edu.br', NULL, '', 'Sim', NULL, 0),
	(1168, 2, 2, 2, '1103994', 'Jose Aurelio Alves', 'jose.alves@ifsuldeminas.edu.br', NULL, '', 'Sim', NULL, 0),
	(1169, 2, 2, 2, '49601', 'Jose Carlos de Oliveira', 'jose.carlos@ifsuldeminas.edu.br', NULL, '', 'Sim', NULL, 0),
	(1170, 2, 2, 2, '1212618', 'Jose Milton de Souza', 'jose.souza@ifsuldeminas.edu.br', NULL, '', 'Sim', NULL, 0),
	(1171, 2, 2, 2, '1876529', 'Joselaine Sales da Silva Vidigal', 'joselaine.vidigal@ifsuldeminas.edu.br', NULL, '', 'Sim', NULL, 0),
	(1172, 2, 2, 2, '2672545', 'Juliana Corsini da Silva Lopes', 'juliana.corsini@ifsuldeminas.edu.br', NULL, '', 'Sim', NULL, 0),
	(1173, 2, 2, 2, '2036702', 'Juliana Morais Ferreira Froes', 'juliana.froes@ifsuldeminas.edu.br', NULL, '', 'Sim', NULL, 0),
	(1174, 2, 2, 2, '1073829', 'Leandro Rossi Castilho', 'leandro.castilho@ifsuldeminas.edu.br', NULL, '', 'Sim', NULL, 0),
	(1175, 2, 2, 2, '1213228', 'Lenis de Cassia Fagundes', 'lenis.fagundes@ifsuldeminas.edu.br', NULL, '', 'Sim', NULL, 0),
	(1176, 2, 2, 2, '49583', 'Lucia Helena Fernandes Ribeiro', 'lucia.ribeiro@ifsuldeminas.edu.br', NULL, '', 'Sim', NULL, 0),
	(1177, 2, 2, 2, '1674628', 'Luciano Olinto Alves', 'luciano.alves@ifsuldeminas.edu.br', NULL, '', 'Sim', NULL, 0),
	(1178, 2, 2, 2, '1958210', 'Lucio Milan Goncalves Junior', 'lucio.junior@ifsuldeminas.edu.br', NULL, '', 'Sim', NULL, 0),
	(1179, 2, 2, 2, '1213230', 'Lucio Vital Pereira', 'lucio.pereira@ifsuldeminas.edu.br', NULL, '', 'Sim', NULL, 0),
	(1180, 2, 2, 2, '748549', 'Luiz Antonio Arantes', 'luiz.arantes@ifsuldeminas.edu.br', NULL, '', 'Sim', NULL, 0),
	(1181, 2, 2, 2, '1893754', 'Luiz Otavio Goncalves de Lima', 'luizotavio.lima@ifsuldeminas.edu.br', NULL, '', 'Sim', NULL, 0),
	(1182, 2, 2, 2, '1736107', 'Marcelo de Moura Pimentel', 'marcelo.pimentel@ifsuldeminas.edu.br', NULL, '', 'Sim', NULL, 0),
	(1183, 2, 2, 2, '1523748', 'Marco Aurelio Borges Quintanilha', 'marco.quintanilha@ifsuldeminas.edu.br', NULL, '', 'Sim', NULL, 0),
	(1184, 2, 2, 2, '1908072', 'Maria Aparecida Avelino', 'maria.avelino@ifsuldeminas.edu.br', NULL, '', 'Sim', NULL, 0),
	(1185, 2, 2, 2, '1883322', 'Maria Beatriz Gandini Bittencourt de Oliveira', 'beatriz.oliveira@ifsuldeminas.edu.br', NULL, '', 'Sim', NULL, 0),
	(1186, 2, 2, 2, '1105151', 'Maria de Lourdes Cordignoli Caproni', 'maria.lourdes@ifsuldeminas.edu.br', NULL, '', 'Sim', NULL, 0),
	(1187, 2, 2, 2, '1109350', 'Maria do Socorro Martinho Coelho', 'socorro.coelho@ifsuldeminas.edu.br', NULL, '', 'Sim', NULL, 0),
	(1188, 2, 2, 2, '1796888', 'Maria Gessi Teixeira', 'maria.teixeira@ifsuldeminas.edu.br', NULL, '', 'Sim', NULL, 0),
	(1189, 2, 2, 2, '49615', 'Mario Romeu de Carvalho', 'mario.carvalho@ifsuldeminas.edu.br', NULL, '', 'Sim', NULL, 0),
	(1190, 2, 2, 2, '1932991', 'Matheus Borges de Paiva', 'matheus.paiva@ifsuldeminas.edu.br', NULL, '', 'Sim', NULL, 0),
	(1191, 2, 2, 2, '1673985', 'Michelle da Silva Marques', 'michelle.marques@ifsuldeminas.edu.br', NULL, '', 'Sim', NULL, 0),
	(1192, 2, 2, 2, '1898587', 'Nathalia Lopes Caldeira Brant', 'nathalia.brant@ifsuldeminas.edu.br', '(35) 3295-9734', '', 'Sim', NULL, 0),
	(1193, 2, 2, 2, '1104045', 'Neiva Scalco Goncalves', 'neiva.goncalves@ifsuldeminas.edu.br', NULL, '', 'Sim', NULL, 0),
	(1194, 2, 2, 2, '1817996', 'Otavio Soares Paparidis', 'otavio.paparidis@ifsuldeminas.edu.br', NULL, '', 'Sim', NULL, 0),
	(1195, 2, 2, 2, '1791665', 'Rafaela Caixeta Rodrigues', 'rafaela.caixeta@ifsuldeminas.edu.br', NULL, '', 'Sim', NULL, 0),
	(1196, 2, 2, 2, '1104881', 'Renato Dias Abrao', 'renato.abrao@ifsuldeminas.edu.br', NULL, '', 'Sim', NULL, 0),
	(1197, 2, 2, 2, '1817993', 'Rose Mary Brigagao Siqueira', 'rose.brigagao@ifsuldeminas.edu.br', NULL, '', 'Sim', NULL, 0),
	(1198, 2, 2, 2, '2258375', 'Rubia de Paiva Braga', 'rubia.braga@ifsuldeminas.edu.br', NULL, '', 'Sim', NULL, 0),
	(1199, 2, 2, 2, '2086766', 'Salomao Junio Tassote', 'salomao.tassote@ifsuldeminas.edu.br', NULL, '', 'Sim', NULL, 0),
	(1200, 2, 2, 2, '1105063', 'Samantha Carvalho Campos Ritter', 'samantha.ritter@ifsuldeminas.edu.br', NULL, '', 'Sim', NULL, 0),
	(1201, 2, 2, 2, '1516676', 'Samuel Ricardo da Silva', 'samuel.silva@ifsuldeminas.edu.br', NULL, '', 'Sim', NULL, 0),
	(1202, 2, 2, 2, '1212600', 'Sebastiao Rabelo de Carvalho', 'sebastiao.carvalho@ifsuldeminas.edu.br', NULL, '', 'Sim', NULL, 0),
	(1203, 2, 2, 2, '53151', 'Sergio Luiz Santana de Almeida', 'sergio.santana@ifsuldeminas.edu.br', NULL, '', 'Sim', NULL, 0),
	(1204, 2, 2, 2, '49609', 'Sergio Ricardo Brigagao de Carvalho', 'sergio.carvalho@ifsuldeminas.edu.br', NULL, '', 'Sim', NULL, 0),
	(1205, 2, 2, 2, '2010569', 'Sheila Alves Ferreira', 'sheila.ferreira@ifsuldeminas.edu.br', NULL, '', 'Sim', NULL, 0),
	(1206, 2, 2, 2, '2605621', 'Tales Machado Lacerda', 'tales.lacerda@ifsuldeminas.edu.br', NULL, '', 'Sim', NULL, 0),
	(1207, 2, 2, 2, '1669554', 'Thaisa Vilhena Silva', 'thaisa.silva@ifsuldeminas.edu.br', NULL, '', 'Sim', NULL, 0),
	(1208, 2, 2, 2, '1624377', 'Thamiris Lentz de Almeida Coelho', 'thamiris.almeida@ifsuldeminas.edu.br', NULL, '', 'Sim', NULL, 0),
	(1209, 2, 2, 2, '1730061', 'Thiago Theodoro de Carvalho', 'thiago.carvalho@ifsuldeminas.edu.br', NULL, '', 'Sim', NULL, 0),
	(1210, 2, 2, 2, '2104706', 'Vanda Maria Passos Ferreira', 'vanda.passos@ifsuldeminas.edu.br', NULL, '', 'Sim', NULL, 0),
	(1211, 2, 2, 2, '1067022', 'Vania Mara Luz Pinto', 'vania.luz@ifsuldeminas.edu.br', NULL, '', 'Sim', NULL, 0),
	(1212, 2, 2, 2, '1104845', 'Vicente Pereira de Morais', 'vicente.morais@ifsuldeminas.edu.br', NULL, '', 'Sim', NULL, 0),
	(1213, 2, 2, 2, '1104857', 'Wanderlei Jose Martins', 'wanderlei.martins@ifsuldeminas.edu.br', NULL, '', 'Sim', NULL, 0),
	(1214, 2, 2, 2, '49608', 'Wanderley Carlos Pacheco', 'wanderley.pacheco@ifsuldeminas.edu.br', NULL, '', 'Sim', NULL, 0),
	(1215, 2, 2, 2, '1783724', 'Wanessa Tavares Campos Corsini', 'wanessa.corsini@ifsuldeminas.edu.br', NULL, '', 'Sim', NULL, 0),
	(1216, 2, 2, 2, '1157677', 'Wania Maria Campos', 'wania.campos@ifsuldeminas.edu.br', NULL, '', 'Sim', NULL, 0),
	(1217, 2, 2, 2, '1911396', 'Yara Dias Fernandes Cerqueira', 'yara.cerqueira@ifsuldeminas.edu.br', '(35) 3295-9734', '', 'Sim', NULL, 0),
	(1218, 3, 3, 2, '2182782', 'Alex Miranda Cunha', 'alex.cunha@muz.ifsuldeminas.edu.br', NULL, '', 'Sim', NULL, 0),
	(1219, 3, 3, 2, '1674887', 'Altieres Paulo Ruela', 'altieres.ruela@muz.ifsuldeminas.edu.br', NULL, '', 'Sim', NULL, 0),
	(1220, 3, 3, 2, '2168271', 'Andrea Cristina Bianchi Leo', 'andrea.bianchi@muz.ifsuldeminas.edu.br', NULL, '', 'Sim', NULL, 0),
	(1221, 3, 3, 2, '53213', 'Andreia Mara Vieira', 'andreia.vieira@muz.ifsuldeminas.edu.br', NULL, '', 'Sim', NULL, 0),
	(1222, 3, 3, 2, '1440209', 'Andreia Montalvao da Silva', 'andreia.salomao@muz.ifsuldeminas.edu.br', NULL, '', 'Sim', NULL, 0),
	(1223, 3, 3, 2, '2388185', 'Andressa Agnes de Assis Silva', 'andressa.agnes@muz.ifsuldeminas.edu.br', NULL, '', 'Sim', NULL, 0),
	(1224, 3, 3, 2, '54440', 'Antonio Carlos Marques', 'gestao.pessoas@muz.ifsuldeminas.edu.br', NULL, '', 'Sim', NULL, 0),
	(1225, 3, 3, 2, '2052453', 'Barbara de Carvalho Garcia', 'barbara.garcia@muz.ifsuldeminas.edu.br', NULL, '', 'Sim', NULL, 0),
	(1226, 3, 3, 2, '2141182', 'Beatriz Aparecida da Silva Vieira', 'beatriz.vieira@ifsuldeminas.edu.br', NULL, '', 'Sim', NULL, 0),
	(1227, 3, 3, 2, '1999954', 'Camilla Claudia Pereira', 'camilla.pereira@muz.ifsuldeminas.edu.br', NULL, '', 'Sim', NULL, 0),
	(1228, 3, 3, 2, '1862705', 'Carlos Alberto Noronha Palos', 'carlos.palos@muz.ifsuldeminas.edu.br', NULL, '', 'Sim', NULL, 0),
	(1229, 3, 3, 2, '1090020', 'Carlos Eduardo Machado', 'carlos.machado@ifsuldeminas.edu.br', NULL, '', 'Sim', NULL, 0),
	(1230, 3, 3, 2, '54015', 'Carlos Esau dos Santos', 'carlos.esau@muz.ifsuldeminas.edu.br', NULL, '', 'Sim', NULL, 0),
	(1231, 3, 3, 2, '1440046', 'Carlos Guida Anderson', 'carlos.anderson@muz.ifsuldeminas.edu.br', NULL, '', 'Sim', NULL, 0),
	(1232, 3, 3, 2, '1190495', 'Caroline Clea Pereira', 'caroline.pereira@muz.ifsuldeminas.edu.br', NULL, '', 'Sim', NULL, 0),
	(1233, 3, 3, 2, '2031552', 'Cassia Aparecida Goncalves Magalhaes', 'cassia.magalhaes@muz.ifsuldeminas.edu.br', NULL, '', 'Sim', NULL, 0),
	(1234, 3, 3, 2, '1758915', 'Celso Salomao dos Reis', 'celso.reis@muz.ifsuldeminas.edu.br', NULL, '', 'Sim', NULL, 0),
	(1235, 3, 3, 2, '1585935', 'Clarissa Benassi Goncalves da Costa', 'clarissa.costa@muz.ifsuldeminas.edu.br', NULL, '', 'Sim', NULL, 0),
	(1236, 3, 3, 2, '1939189', 'Claudio Antonio Batista', 'claudio.batista@muz.ifsuldeminas.edu.br', NULL, '', 'Sim', NULL, 0),
	(1237, 3, 3, 2, '1786913', 'Cleciana Alves de Oliveira Rangel', 'cleciana.rangel@muz.ifsuldeminas.edu.br', NULL, '', 'Sim', NULL, 0),
	(1238, 3, 3, 2, '1919850', 'Clelia Mara Tardelli', 'clelia.tardelli@ifsuldeminas.edu.br', NULL, '', 'Sim', NULL, 0),
	(1239, 3, 3, 2, '2863894', 'Cristiano Lemos Aquino', 'cristiano.aquino@muz.ifsuldeminas.edu.br', NULL, '', 'Sim', NULL, 0),
	(1240, 3, 3, 2, '1586115', 'Dorival Alves Neto', 'dorival.alves@muz.ifsuldeminas.edu.br', '(35) 3571-5124 / 5069', '', 'Sim', NULL, 0),
	(1241, 3, 3, 2, '1999688', 'Elba Sharon Dias', 'elba.dias@muz.ifsuldeminas.edu.br', NULL, '', 'Sim', NULL, 0),
	(1242, 3, 3, 2, '1731520', 'Elton Douglas Bueno Silva', 'elton.silva@muz.ifsuldeminas.edu.br', NULL, '', 'Sim', NULL, 0),
	(1243, 3, 3, 2, '1586041', 'Fabio de Oliveira Almeida', 'fabio.almeida@ifsuldeminas.edu.br', NULL, '', 'Sim', NULL, 0),
	(1244, 3, 3, 2, '1732622', 'Fernando Antonio Magalhaes', 'fernando.magalhaes@muz.ifsuldeminas.edu.br', NULL, '', 'Sim', NULL, 0),
	(1245, 3, 3, 2, '1025781', 'Fernando Celio Dias', 'fernando.dias@ifsuldeminas.edu.br', NULL, '', 'Sim', NULL, 0),
	(1246, 3, 3, 2, '1215393', 'Generci Dias Lopes', 'generci.lopes@ifsuldeminas.edu.br', NULL, '', 'Sim', NULL, 0),
	(1247, 3, 3, 2, '1439656', 'Gentil Luiz Miguel Filho', 'gentil.miguel@muz.ifsuldeminas.edu.br', NULL, '', 'Sim', NULL, 0),
	(1248, 3, 3, 2, '2616406', 'Geraldo Russo Filho', 'geraldo.russo@muz.ifsuldeminas.edu.br', NULL, '', 'Sim', NULL, 0),
	(1249, 3, 3, 2, '2211377', 'Giovanna Maria Abrantes Carvas', 'giovanna.carvas@ifsuldeminas.edu.br', NULL, '', 'Sim', NULL, 0),
	(1250, 3, 3, 2, '1790770', 'Gisselida do Prado Siqueira', 'gisselida.siqueira@ifsuldeminas.edu.br', NULL, '', 'Sim', NULL, 0),
	(1251, 3, 3, 2, '2115539', 'Grasiane Cristina da Silva', 'grasiane.silva@muz.ifsuldeminas.edu.br', NULL, '', 'Sim', NULL, 0),
	(1252, 3, 3, 2, '1730832', 'Gregorio Barroso de Oliveira Prosperi', 'gregorio.prosperi@muz.ifsuldeminas.edu.br', NULL, '', 'Sim', NULL, 0),
	(1253, 3, 3, 2, '1829432', 'Greimar Alves de Jesus', 'greimar.jesus@muz.ifsuldeminas.edu.br', NULL, '', 'Sim', NULL, 0),
	(1254, 3, 3, 2, '1817744', 'Gustavo Joaquim da Silva Junior', 'gustavo.silva@muz.ifsuldeminas.edu.br', NULL, '', 'Sim', NULL, 0),
	(1255, 3, 3, 2, '2181145', 'Iandara Matos Goncalves Trevisan', 'iandara.trevisan@muz.ifsuldeminas.edu.br', NULL, '', 'Sim', NULL, 0),
	(1256, 3, 3, 2, '53173', 'Iraci Moreira da Silva', 'iraci.silva@muz.ifsuldeminas.edu.br', NULL, '', 'Sim', NULL, 0),
	(1257, 3, 3, 2, '2379327', 'Isabela Cristina Passos', 'isabela.passos@muz.ifsuldeminas.edu.br', NULL, '', 'Sim', NULL, 0),
	(1258, 3, 3, 2, '1217087', 'Ivaldir Donizetti das Chagas', 'ivaldir.chagas@muz.ifsuldeminas.edu.br', NULL, '', 'Sim', NULL, 0),
	(1259, 3, 3, 2, '1216532', 'Izabel Aparecida dos Santos', 'izabel.santos@muz.ifsuldeminas.edu.br', NULL, '', 'Sim', NULL, 0),
	(1260, 3, 3, 2, '2092425', 'Jalile Fatima da Silva', 'jalile.silva@muz.ifsuldeminas.edu.br', NULL, '', 'Sim', NULL, 0),
	(1261, 3, 3, 2, '48094', 'Joao Batista Pereira', 'joao.pereira@muz.ifsuldeminas.edu.br', NULL, '', 'Sim', NULL, 0),
	(1262, 3, 3, 2, '54412', 'Joao dos Reis Santos', 'joao.santos@muz.ifsuldeminas.edu.br', NULL, '', 'Sim', NULL, 0),
	(1263, 3, 3, 2, '1942441', 'Joao Paulo Marques', 'joão.marques@muz.ifsuldeminas.edu.br', NULL, '', 'Sim', NULL, 0),
	(1264, 3, 3, 2, '2516586', 'Jose Antonio Ramos da Silva', 'jose.silva@muz.ifsuldeminas.edu.br', NULL, '', 'Sim', NULL, 0),
	(1265, 3, 3, 2, '1227011', 'Jose Eduardo Guida', 'jose.guida@muz.ifsuldeminas.edu.br', NULL, '', 'Sim', NULL, 0),
	(1266, 3, 3, 2, '48104', 'Jose Maria dos Santos', 'jose.santos@muz.ifsuldeminas.edu.br', NULL, '', 'Sim', NULL, 0),
	(1267, 3, 3, 2, '1216528', 'Jose Odair da Trindade', 'jose.trindade@ifsuldeminas.edu.br', '(35) 3571-5076', '', 'Sim', NULL, 0),
	(1268, 3, 3, 2, '48093', 'Jucelei Augusto Pereira', 'jucelei.pereira@muz.ifsuldeminas.edu.br', NULL, '', 'Sim', NULL, 0),
	(1269, 3, 3, 2, '2585938', 'Juliana Lima de Rezende', 'juliana.rezende@muz.ifsuldeminas.edu.br', NULL, '', 'Sim', NULL, 0),
	(1270, 3, 3, 2, '2080153', 'Juliane Albernas Borges', 'juliane.borges@muz.ifsuldeminas.edu.br', NULL, '', 'Sim', NULL, 0),
	(1271, 3, 3, 2, '1585936', 'Juliano Francisco Rangel', 'juliano.rangel@muz.ifsuldeminas.edu.br', NULL, '', 'Sim', NULL, 0),
	(1272, 3, 3, 2, '48096', 'Jurandir Toledo Pereira', 'jurandir.pereira@muz.ifsuldeminas.edu.br', NULL, '', 'Sim', NULL, 0),
	(1273, 3, 3, 2, '2724994', 'Laura Rodrigues Paim Pamplona', 'laura.pamplona@ifsuldeminas.edu.br', NULL, '', 'Sim', NULL, 0),
	(1274, 3, 3, 2, '48107', 'Lauro Santini', 'gestao.pessoas@muz.ifsuldeminas.edu.br', NULL, '', 'Sim', NULL, 0),
	(1275, 3, 3, 2, '1756081', 'Lucas Granato Neto', 'lucas.granato@muz.ifsuldeminas.edu.br', NULL, '', 'Sim', NULL, 0),
	(1276, 3, 3, 2, '1747306', 'Lucienne da Silva Granato', 'lucienne.granato@muz.ifsuldeminas.edu.br', NULL, '', 'Sim', NULL, 0),
	(1277, 3, 3, 2, '48105', 'Luiz Antonio Goncalves', 'luiz.goncalves@muz.ifsuldeminas.edu.br', NULL, '', 'Sim', NULL, 0),
	(1278, 3, 3, 2, '1624742', 'Luiz Fernando de Oliveira', 'luiz.oliveira@muz.ifsuldeminas.edu.br', NULL, '', 'Sim', NULL, 0),
	(1279, 3, 3, 2, '1817800', 'Luiz Ricardo de Podesta', 'ricardo.podesta@ifsuldeminas.edu.br', NULL, '', 'Sim', NULL, 0),
	(1280, 3, 3, 2, '1843267', 'Marcelo Lopes Pereira', 'marcelo.pereira@muz.ifsuldeminas.edu.br', NULL, '', 'Sim', NULL, 0),
	(1281, 3, 3, 2, '48110', 'Marcio Pioli', 'marcio.pioli@ifsuldeminas.edu.br', '(35) 3571-5072', '', 'Sim', NULL, 0),
	(1282, 3, 3, 2, '48100', 'Maria de Lourdes Bruno de Souza', 'maria.souza@muz.ifsuldeminas.edu.br', NULL, '', 'Sim', NULL, 0),
	(1283, 3, 3, 2, '48097', 'Maria Ines Oliveira da Silva', 'maria.oliveira@muz.ifsuldeminas.edu.br', NULL, '', 'Sim', NULL, 0),
	(1284, 3, 3, 2, '54017', 'Maria Selma da Silva', 'maria.silva@muz.ifsuldeminas.edu.br', NULL, '', 'Sim', NULL, 0),
	(1285, 3, 3, 2, '2379483', 'Matheus Batista Barboza Coimbra', 'matheus.coimbra@muz.ifsuldeminas.edu.br', NULL, '', 'Sim', NULL, 0),
	(1286, 3, 3, 2, '1224141', 'Mauricio Lavarda do Nascimento', 'mauricio.nascimento@muz.ifsuldeminas.edu.br', NULL, '', 'Sim', NULL, 0),
	(1287, 3, 3, 2, '2085808', 'Maurilio Vieira da Rocha', 'maurilio.rocha@muz.ifsuldeminas.edu.br', NULL, '', 'Sim', NULL, 0),
	(1288, 3, 3, 2, '1440226', 'Mauro Barbieri', 'mauro.barbieri@muz.ifsuldeminas.edu.br', NULL, '', 'Sim', NULL, 0),
	(1289, 3, 3, 2, '1214199', 'Mauro Chamme Filho', 'mauro.filho@muz.ifsuldeminas.edu.br', NULL, '', 'Sim', NULL, 0),
	(1290, 3, 3, 2, '2264378', 'Michele Placedino Andrade Botelho', 'michele.botelho@muz.ifsuldeminas.edu.br', NULL, '', 'Sim', NULL, 0),
	(1291, 3, 3, 2, '2056455', 'Mirian Araujo Goncalves', 'mirian.goncalves@ifsuldeminas.edu.br', NULL, '', 'Sim', NULL, 0),
	(1292, 3, 3, 2, '51923', 'Orivaldo Mariano de Souza', 'orivaldo.souza@muz.ifsuldeminas.edu.br', NULL, '', 'Sim', NULL, 0),
	(1293, 3, 3, 2, '1912554', 'Osmar de Souza Magalhaes', 'osmar.magalhaes@muz.ifsuldeminas.edu.br', NULL, '', 'Sim', NULL, 0),
	(1294, 3, 3, 2, '48091', 'Osvaldo Candido Martins', 'osvaldo.martins@muz.ifsuldeminas.edu.br', NULL, '', 'Sim', NULL, 0),
	(1295, 3, 3, 2, '54013', 'Pedro Alberto da Silva', 'pedro.silva@muz.ifsuldeminas.edu.br', NULL, '', 'Sim', NULL, 0),
	(1296, 3, 3, 2, '1993830', 'Pedro Sergio Amore', 'pedro.amore@muz.ifsuldeminas.edu.br', NULL, '', 'Sim', NULL, 0),
	(1297, 3, 3, 2, '1879916', 'Poliana Coste e Colpa', 'poliana.colpa@muz.ifsuldeminas.edu.br', NULL, '', 'Sim', NULL, 0),
	(1298, 3, 3, 2, '2141407', 'Priscila Faria Rosa Lopes', 'priscila.lopes@muz.ifsuldeminas.edu.br', NULL, '', 'Sim', NULL, 0),
	(1299, 3, 3, 2, '2000047', 'Rafael Lucas Goulart Vasconcelos', 'rafael.vasconcelos@muz.ifsuldeminas.edu.br', NULL, '', 'Sim', NULL, 0),
	(1300, 3, 3, 2, '48083', 'Regina Maria da Silva', 'regina.silva@muz.ifsuldeminas.edu.br', NULL, '', 'Sim', NULL, 0),
	(1301, 3, 3, 2, '48117', 'Reginaldo Rozendo Lima', 'reginaldo.lima@muz.ifsuldeminas.edu.br', NULL, '', 'Sim', NULL, 0),
	(1302, 3, 3, 2, '2050165', 'Renata Cristina da Silva', 'renata.silva@muz.ifsuldeminas.edu.br', NULL, '', 'Sim', NULL, 0),
	(1303, 3, 3, 2, '1188568', 'Renato Marcos Sandi Silva', 'renato.silva@muz.ifsuldeminas.edu.br', NULL, '', 'Sim', NULL, 0),
	(1304, 3, 3, 2, '48086', 'Roberto Cassio da Silva', 'roberto.silva@muz.ifsuldeminas.edu.br', NULL, '', 'Sim', NULL, 0),
	(1305, 3, 3, 2, '2108598', 'Rogerio Eduardo Del Valle Silva', 'rogerio.silva@ifsuldeminas.edu.br', NULL, '', 'Sim', NULL, 0),
	(1306, 3, 3, 2, '2366723', 'Rogerio Rondineli Nobrega', 'rogerio.nobrega@muz.ifsuldeminas.edu.br', NULL, '', 'Sim', NULL, 0),
	(1307, 3, 3, 2, '1791400', 'Rogerio William Fernandes Barroso', 'rogerio.barroso@muz.ifsuldeminas.edu.br', NULL, '', 'Sim', NULL, 0),
	(1308, 3, 3, 2, '1731868', 'Rosana Maciel Carvalho Benassi', 'rosana.benassi@muz.ifsuldeminas.edu.br', NULL, '', 'Sim', NULL, 0),
	(1309, 3, 3, 2, '1674869', 'Rubens Marcelo de Castro', 'rubens.castro@muz.ifsuldeminas.edu.br', NULL, '', 'Sim', NULL, 0),
	(1310, 3, 3, 2, '1957476', 'Sandro Soares da Penha', 'sandro.penha@muz.ifsuldeminas.edu.br', NULL, '', 'Sim', NULL, 0),
	(1311, 3, 3, 2, '1163426', 'Sebastiao Geraldo da Luz', 'gestao.pessoas@muz.ifsuldeminas.edu.br', NULL, '', 'Sim', NULL, 0),
	(1312, 3, 3, 2, '1214170', 'Sebastiao Marcos Vilela', 'sebastiao.vilela@muz.ifsuldeminas.edu.br', NULL, '', 'Sim', NULL, 0),
	(1313, 3, 3, 2, '1163427', 'Segisfredo Oliveira Freire', 'gestao.pessoas@muz.ifsuldeminas.edu.br', NULL, '', 'Sim', NULL, 0),
	(1314, 3, 3, 2, '51924', 'Susana Campaneli Tristao', 'susana.tristao@muz.ifsuldeminas.edu.br', NULL, '', 'Sim', NULL, 0),
	(1315, 3, 3, 2, '1439473', 'Tathiana Damito Baldini Pallos', 'tathiana.baldini@muz.ifsuldeminas.edu.br', NULL, '', 'Sim', NULL, 0),
	(1316, 3, 3, 2, '2054208', 'Tatiana de Carvalho Duarte', 'tatiana.duarte@muz.ifsuldeminas.edu.br', '(35) 3571-5099', '', 'Sim', NULL, 0),
	(1317, 3, 3, 2, '2817745', 'Vania Cristina Silva', 'vania.silva@muz.ifsuldeminas.edu.br', NULL, '', 'Sim', NULL, 0),
	(1318, 3, 3, 2, '1788342', 'Zelia Dias de Souza', 'zelia.souza@muz.ifsuldeminas.edu.br', NULL, '', 'Sim', NULL, 0),
	(1319, 3, 3, 2, '1214210', 'Zenilda Martins Labanca', 'zenilda.labanca@muz.ifsuldeminas.edu.br', NULL, '', 'Sim', NULL, 0),
	(1320, 6, 6, 2, '2114685', 'Anderson Claiton dos Reis', 'anderson.reis@ifsuldeminas.edu.br', NULL, '', 'Sim', NULL, 0),
	(1321, 6, 6, 2, '2084558', 'Andressa de Carvalho Freitas', 'andressa.freitas@ifsuldeminas.edu.br', NULL, '', 'Sim', NULL, 0),
	(1322, 6, 6, 2, '2090807', 'Andreza Luzia Santos', 'andreza.santos@ifsuldeminas.edu.br', NULL, '', 'Sim', NULL, 0),
	(1323, 6, 6, 2, '1955981', 'Brenda Tarcisio da Silva', 'brenda.silva@ifsuldeminas.edu.br', NULL, '', 'Sim', NULL, 0),
	(1324, 6, 6, 2, '1221872', 'Cybele Maria dos Santos Martins', 'cybele.martins@ifsuldeminas.edu.br', NULL, '', 'Sim', NULL, 0),
	(1325, 6, 6, 2, '1848905', 'Daniel Reis da Silva', 'danielreis.silva@ifsuldeminas.edu.br', NULL, '', 'Sim', NULL, 0),
	(1326, 6, 6, 2, '2684247', 'Danilo Fernandes da Silva', 'danilo.silva@ifsuldeminas.edu.br', NULL, '', 'Sim', NULL, 0),
	(1327, 6, 6, 2, '2264476', 'Davi Ribeiro Militani', 'davi.militani@ifsuldeminas.edu.br', NULL, '', 'Sim', NULL, 0),
	(1328, 6, 6, 2, '1606181', 'Eliane Silva Ribeiro', 'eliane.ribeiro@ifsuldeminas.edu.br', '(35) 3427-6600', '', 'Sim', NULL, 0),
	(1329, 6, 6, 2, '2188917', 'Emerson Zetula da Silva', 'emerson.zetula@ifsuldeminas.edu.br', NULL, '', 'Sim', NULL, 0),
	(1330, 6, 6, 2, '1449102', 'Eric Fabiano Esteves', 'eric.esteves@ifsuldeminas.edu.br', NULL, '', 'Sim', NULL, 0),
	(1331, 6, 6, 2, '1668155', 'Fabiano Paulo Elord', 'fabiano.elord@ifsuldeminas.edu.br', NULL, '', 'Sim', NULL, 0),
	(1332, 6, 6, 2, '1994461', 'Fernando Reis Morais', 'fernando.morais@ifsuldeminas.edu.br', NULL, '', 'Sim', NULL, 0),
	(1333, 6, 6, 2, '2084071', 'Gilmar Rodrigo Muniz', 'gilmar.muniz@ifsuldeminas.edu.br', NULL, '', 'Sim', NULL, 0),
	(1334, 6, 6, 2, '1997960', 'Guilherme Rodrigues de Souza', 'guilherme.souza@ifsuldeminas.edu.br', NULL, '', 'Sim', NULL, 0),
	(1335, 6, 6, 2, '2269315', 'Ivanete Fonseca Martins de Abreu', 'ivanete.abreu@ifsuldeminas.edu.br', NULL, '', 'Sim', NULL, 0),
	(1336, 6, 6, 2, '1023871', 'Juciana de Fatima Garcia', 'juciana.garcia@ifsuldeminas.edu.br', NULL, '', 'Sim', NULL, 0),
	(1337, 6, 6, 2, '1769626', 'Juliana Andrade Nunes', 'juliana.nunes@ifsuldeminas.edu.br', '(35) 3295-9785', '', 'Sim', NULL, 0),
	(1338, 6, 6, 2, '1700532', 'Kariny Diogo Esteves Cantelmo', 'kariny.cantelmo@ifsuldeminas.edu.br', NULL, '', 'Sim', NULL, 0),
	(1339, 6, 6, 2, '1994408', 'Kesia Ferreira', 'kesia.ferreira@ifsuldeminas.edu.br', NULL, '', 'Sim', NULL, 0),
	(1340, 6, 6, 2, '2084144', 'Ligia Viana Azevedo', 'ligia.azevedo@ifsuldeminas.edu.br', '(35) 3427-6604', '', 'Sim', NULL, 0),
	(1341, 6, 6, 2, '1591951', 'Lucas Martins Rabelo', 'lucas.rabelo@ifsuldeminas.edu.br', NULL, '', 'Sim', NULL, 0),
	(1342, 6, 6, 2, '2369860', 'Luciana Goulart Carvalho', 'luciana.carvalho@ifsuldeminas.edu.br', NULL, '', 'Sim', NULL, 0),
	(1343, 6, 6, 2, '2029188', 'Luciene Ferreira de Castro', 'luciene.castro@ifsuldeminas.edu.br', NULL, '', 'Sim', NULL, 0),
	(1344, 6, 6, 2, '3985784', 'Luiz Ricardo de Moura Gissoni', 'luiz.gissoni@ifsuldeminas.edu.br', NULL, '', 'Sim', NULL, 0),
	(1345, 6, 6, 2, '2084468', 'Marcel Freire da Silva', 'marcel.silva@ifsuldeminas.edu.br', '(35) 3427-6607', '', 'Sim', NULL, 0),
	(1346, 6, 6, 2, '2028743', 'Maria Elizabeti da Silva Bernardo', 'maria.bernardo@ifsuldeminas.edu.br', NULL, '', 'Sim', NULL, 0),
	(1347, 6, 6, 2, '2084591', 'Marina Goncalves', 'marina.goncalves@ifsuldeminas.edu.br', NULL, '', 'Sim', NULL, 0),
	(1348, 6, 6, 2, '2095585', 'Mayara Lybia da Silva', 'mayara.silva@ifsuldeminas.edu.br', '(35) 3427-6600', '', 'Sim', NULL, 0),
	(1349, 6, 6, 2, '1907230', 'Michelle Rose Araujo Santos de Faria', 'michelle.faria@ifsuldeminas.edu.br', NULL, '', 'Sim', NULL, 0),
	(1350, 6, 6, 2, '1892732', 'Nilza Domingues de Carvalho', 'nilza.carvalho@ifsuldeminas.edu.br', NULL, '', 'Sim', NULL, 0),
	(1351, 6, 6, 2, '1747342', 'Priscila da Silva Machado Costa', 'priscila.costa@ifsuldeminas.edu.br', NULL, '', 'Sim', NULL, 0),
	(1352, 6, 6, 2, '2140015', 'Priscilla Barbosa Andery', 'priscilla.andery@ifsuldeminas.edu.br', NULL, '', 'Sim', NULL, 0),
	(1353, 6, 6, 2, '1905763', 'Rodrigo Janoni Carvalho', 'rodrigo.carvalho@ifsuldeminas.edu.br', NULL, '', 'Sim', NULL, 0),
	(1354, 6, 6, 2, '2299924', 'Rosana Rovaris Zanotti', 'rosana.zanotti@ifsuldeminas.edu.br', NULL, '', 'Sim', NULL, 0),
	(1355, 6, 6, 2, '2001854', 'Rosenildo Paiano Renaki', 'rosenildo.renaki@ifsuldeminas.edu.br', NULL, '', 'Sim', NULL, 0),
	(1356, 6, 6, 2, '1378742', 'Sandra Aparecida de Aguiar', 'sandra.aguiar@ifsuldeminas.edu.br', NULL, '', 'Sim', NULL, 0),
	(1357, 6, 6, 2, '2139998', 'Sarita Luiza de Oliveira', 'sarita.oliveira@ifsuldeminas.edu.br', NULL, '', 'Sim', NULL, 0),
	(1358, 6, 6, 2, '2090734', 'Silvana Aparecida de Andrade', 'silvana.andrade@ifsuldeminas.edu.br', NULL, '', 'Sim', NULL, 0),
	(1359, 6, 6, 2, '2084678', 'Suzan Evelin Silva', 'suzan.silva@ifsuldeminas.edu.br', NULL, '', 'Sim', NULL, 0),
	(1360, 6, 6, 2, '1961889', 'Tonia Amanda Paz dos Santos', 'tonia.santos@ifsuldeminas.edu.br', NULL, '', 'Sim', NULL, 0),
	(1361, 6, 6, 2, '2145124', 'Willian Roger Martinho Moreira', 'willian.moreira@ifsuldeminas.edu.br', NULL, '', 'Sim', NULL, 0),
	(1362, 6, 6, 2, '1893457', 'Xenia Souza Araujo', 'xenia.araujo@ifsuldeminas.edu.br', NULL, '', 'Sim', NULL, 0),
	(1363, 4, 4, 2, '3960926', 'Alencar Coelho da Silva', 'alencar.coelho@ifsuldeminas.edu.br', NULL, '', 'Sim', NULL, 0),
	(1364, 4, 4, 2, '1700378', 'Alisson Lima Batista', 'alisson.batista@ifsuldeminas.edu.br', NULL, '', 'Sim', NULL, 0),
	(1365, 4, 4, 2, '1673269', 'Ana Marcelina de Oliveira', 'ana.oliveira@ifsuldeminas.edu.br', NULL, '', 'Sim', NULL, 0),
	(1366, 4, 4, 2, '2084420', 'Antoniette Camargo de Oliveira', 'antoniette.oliveira@ifsuldeminas.edu.br', '(35) 3526-4679 - Ramal 215', '', 'Sim', NULL, 0),
	(1367, 4, 4, 2, '2269540', 'Arnaldo Camargo Botazini Junior', 'arnaldo.junior@ifsuldeminas.edu.br', NULL, '', 'Sim', NULL, 0),
	(1368, 4, 4, 2, '2010542', 'Carla Fernandes da Silva', 'carla.silva@ifsuldeminas.edu.br', NULL, '', 'Sim', NULL, 0),
	(1369, 4, 4, 2, '1901012', 'Cassio Cortes Costa', 'cassio.costa@ifsuldeminas.edu.br', NULL, '', 'Sim', NULL, 0),
	(1370, 4, 4, 2, '1445707', 'Claudia dos Santos Valvassora Silveira', 'claudia.silveira@ifsuldeminas.edu.br', NULL, '', 'Sim', NULL, 0),
	(1371, 4, 4, 2, '1957876', 'Clayton Silva Mendes', 'clayton.mendes@ifsuldeminas.edu.br', NULL, '', 'Sim', NULL, 0),
	(1372, 4, 4, 2, '1964907', 'Daniela de Oliveira', 'daniela.oliveira@ifsuldeminas.edu.br', NULL, '', 'Sim', NULL, 0),
	(1373, 4, 4, 2, '2229507', 'Danilo Vizibeli', 'danilo.vizibeli@ifsuldeminas.edu.br', '(35) 3526-4679', '', 'Sim', NULL, 0),
	(1374, 4, 4, 2, '2252588', 'Denis Jesus da Silva', 'denis.jesus@ifsuldeminas.edu.br', NULL, '', 'Sim', NULL, 0),
	(1375, 4, 4, 2, '1941440', 'Felipe Palma da Fonseca', 'felipe.fonseca@ifsuldeminas.edu.br', NULL, '', 'Sim', NULL, 0),
	(1376, 4, 4, 2, '1957639', 'Filipe Thiago Vasconcelos Vieira', 'filipe.vieira@ifsuldeminas.edu.br', NULL, '', 'Sim', NULL, 0),
	(1377, 4, 4, 2, '1896257', 'Flavio Donizete de Oliveira', 'flavio.oliveira@ifsuldeminas.edu.br', NULL, '', 'Sim', NULL, 0),
	(1378, 4, 4, 2, '2084394', 'Gabriela Rocha Guimaraes', 'gabriela.guimaraes@ifsuldeminas.edu.br', NULL, '', 'Sim', NULL, 0),
	(1379, 4, 4, 2, '2086935', 'Gisele Silva Oliveira', 'gisele.oliveira@ifsuldeminas.edu.br', NULL, '', 'Sim', NULL, 0),
	(1380, 4, 4, 2, '1661500', 'Helen Rodrigues Simoes', 'helen.simoes@ifsuldeminas.edu.br', NULL, '', 'Sim', NULL, 0),
	(1381, 4, 4, 2, '3552710', 'Helena Madeira Caldeira Silva', 'helena.silva@ifsuldeminas.edu.br', NULL, '', 'Sim', NULL, 0),
	(1382, 4, 4, 2, '1960143', 'Joao Alex de Oliveira', 'joaoalex.oliveira@ifsuldeminas.edu.br', NULL, '', 'Sim', NULL, 0),
	(1383, 4, 4, 2, '1957551', 'Joel Rossi', 'joel.rossi@ifsuldeminas.edu.br', NULL, '', 'Sim', NULL, 0),
	(1384, 4, 4, 2, '2083183', 'Jussara Alves Monteiro', 'julio.frare@ifsuldeminas.edu.br', NULL, '', 'Sim', NULL, 0),
	(1385, 4, 4, 2, '1956613', 'Jussara Oliveira da Costa', 'jussara.costa@ifsuldeminas.edu.br', NULL, '', 'Sim', NULL, 0),
	(1386, 4, 4, 2, '2143523', 'Karen Kelly Marcon', 'karen.marcon@ifsuldeminas.edu.br', NULL, '', 'Sim', NULL, 0),
	(1387, 4, 4, 2, '2084363', 'Karoline Nascimento', 'karoline.nascimento@ifsuldeminas.edu.br', NULL, '', 'Sim', NULL, 0),
	(1388, 4, 4, 2, '1668784', 'Laressa Pereira Silva', 'laressa.pereira@ifsuldeminas.edu.br', NULL, '', 'Sim', NULL, 0),
	(1389, 4, 4, 2, '2957873', 'Lilian Cristina de Lima Nunes', 'lilian.nunes@ifsuldeminas.edu.br', NULL, '', 'Sim', NULL, 0),
	(1390, 4, 4, 2, '2226172', 'Marcelo Hipolito Proenca', 'marcelo.proenca@ifsuldeminas.edu.br', NULL, '', 'Sim', NULL, 0),
	(1391, 4, 4, 2, '2786914', 'Marcelo Rodrigo de Castro', 'marcelo.castro@ifsuldeminas.edu.br', NULL, '', 'Sim', NULL, 0),
	(1392, 4, 4, 2, '2861185', 'Natalia Lopes Vicinelli Soares', 'natalia.soares@ifsuldeminas.edu.br', NULL, '', 'Sim', NULL, 0),
	(1393, 4, 4, 2, '2084405', 'Pamela Tavares de Carvalho', 'pamela.carvalho@ifsuldeminas.edu.br', NULL, '', 'Sim', NULL, 0),
	(1394, 4, 4, 2, '2142806', 'Paula Costa Monteiro', 'paula.monteiro@ifsuldeminas.edu.br', NULL, '', 'Sim', NULL, 0),
	(1395, 4, 4, 2, '1917835', 'Paulo Henrique Novaes', 'paulo.novaes@ifsuldeminas.edu.br', NULL, '', 'Sim', NULL, 0),
	(1396, 4, 4, 2, '2350183', 'Pedro Vinicius Pereira Dias', 'pedro.dias@ifsuldeminas.edu.br', NULL, '', 'Sim', NULL, 0),
	(1397, 4, 4, 2, '1277523', 'Raquel Araujo Campos', 'raquel.campos@ifsuldeminas.edu.br', NULL, '', 'Sim', NULL, 0),
	(1398, 4, 4, 2, '1957634', 'Regiane Mendes Costa Paiva', 'regiane.paiva@ifsuldeminas.edu.br', NULL, '', 'Sim', NULL, 0),
	(1399, 4, 4, 2, '1659471', 'Romilda Pinto da Silveira', 'romilda.silveira@ifsuldeminas.edu.br', NULL, '', 'Sim', NULL, 0),
	(1400, 4, 4, 2, '1997849', 'Sheila de Oliveira Rabelo Moura', 'sheila.moura@ifsuldeminas.edu.br', NULL, '', 'Sim', NULL, 0),
	(1401, 4, 4, 2, '2091734', 'Silvio Cesar Pereira Carvalho', 'silvio.carvalho@ifsuldeminas.edu.br', NULL, '', 'Sim', NULL, 0),
	(1402, 4, 4, 2, '1817610', 'Simone Aparecida Gomes', 'simone.gomes@ifsuldeminas.edu.br', NULL, '', 'Sim', NULL, 0),
	(1403, 4, 4, 2, '2114977', 'Vera Lucia Santos Oliveira', 'vera.santos@ifsuldeminas.edu.br', NULL, '', 'Sim', NULL, 0),
	(1404, 5, 5, 2, '1747403', 'Adriana do Lago Padilha', 'adriana.padilha@ifsuldeminas.edu.br', NULL, '', 'Sim', NULL, 0),
	(1405, 5, 5, 2, '2251621', 'Aline Ribeiro Paes Goncalves', 'aline.goncalves@ifsuldeminas.edu.br', NULL, '', 'Sim', NULL, 0),
	(1406, 5, 5, 2, '2179819', 'Allan Aleksander dos Reis', 'allan.reis@ifsuldeminas.edu.br', NULL, '', 'Sim', NULL, 0),
	(1407, 5, 5, 2, '1671883', 'Andrea Margarete de Almeida Marrafon', 'andrea.marrafon@ifsuldeminas.edu.br', '(35) 3697-4950', '', 'Sim', NULL, 0),
	(1408, 5, 5, 2, '2084336', 'Berenice Maria Rocha Santoro', 'berenice.santoro@ifsuldeminas.edu.br', NULL, '', 'Sim', NULL, 0),
	(1409, 5, 5, 2, '2161980', 'Camila Pereira Santos', 'camila.santos@ifsuldeminas.edu.br', NULL, '', 'Sim', NULL, 0),
	(1410, 5, 5, 2, '2087227', 'Carina Santos Barbosa', 'carina.barbosa@ifsuldeminas.edu.br', NULL, '', 'Sim', NULL, 0),
	(1411, 5, 5, 2, '1984325', 'Carlos Alberto Nogueira Junior', 'carlos.nogueira@ifsuldeminas.edu.br', NULL, '', 'Sim', NULL, 0),
	(1412, 5, 5, 2, '2173177', 'Celma Aparecida Barbosa', 'celma.barbosa@ifsuldeminas.edu.br', NULL, '', 'Sim', NULL, 0),
	(1413, 5, 5, 2, '2224039', 'Cissa Gabriela da Silva', 'cissa.silva@ifsuldeminas.edu.br', NULL, '', 'Sim', NULL, 0),
	(1414, 5, 5, 2, '1953118', 'Daniel Aroni Alves', 'daniel.alves@ifsuldeminas.edu.br', NULL, '', 'Sim', NULL, 0),
	(1415, 5, 5, 2, '1896726', 'Daniela de Cassia da Silva', 'daniela.silva@ifsuldeminas.edu.br', NULL, '', 'Sim', NULL, 0),
	(1416, 5, 5, 2, '1528865', 'Daniela de Figueiredo', 'daniela.figueiredo@ifsuldeminas.edu.br', '(35) 3697-4950', '', 'Sim', NULL, 0),
	(1417, 5, 5, 2, '1963646', 'Danilo Anderson de Castro', 'danilo.castro@ifsuldeminas.edu.br', NULL, '', 'Sim', NULL, 0),
	(1418, 5, 5, 2, '2087564', 'Edson Geraldo Monteiro Junior', 'edson.monteiro@ifsuldeminas.edu.br', NULL, '', 'Sim', NULL, 0),
	(1419, 5, 5, 2, '1999729', 'Eugenio Marquis de Oliveira', 'eugenio.oliveira@ifsuldeminas.edu.br', NULL, '', 'Sim', NULL, 0),
	(1420, 5, 5, 2, '1826284', 'Fabio Geraldo de Avila', 'fabio.avila@ifsuldeminas.edu.br', NULL, '', 'Sim', NULL, 0),
	(1421, 5, 5, 2, '2141126', 'Fernando Amantea Ragnoli', 'fernando.ragnoli@ifsuldeminas.edu.br', NULL, '', 'Sim', NULL, 0),
	(1422, 5, 5, 2, '1996133', 'Guilherme dos Anjos Nascimento', 'guilherme.nascimento@ifsuldeminas.edu.br', NULL, '', 'Sim', NULL, 0),
	(1423, 5, 5, 2, '1998603', 'Guilherme Oliveira Abrao', 'guilherme.abrao@ifsuldeminas.edu.br', NULL, '', 'Sim', NULL, 0),
	(1424, 5, 5, 2, '1034101', 'Gustavo Pereira dos Santos', 'gustavo.santos@ifsuldeminas.edu.br', NULL, '', 'Sim', NULL, 0),
	(1425, 5, 5, 2, '1608902', 'Heliese Fabricia Pereira', 'heliese.pereira@ifsuldeminas.edu.br', NULL, '', 'Sim', NULL, 0),
	(1426, 5, 5, 2, '2264406', 'Jonathan Willian de Oliveira', 'jonathan.oliveira@ifsuldeminas.edu.br', NULL, '', 'Sim', NULL, 0),
	(1427, 5, 5, 2, '1835360', 'Josirene de Carvalho Barbosa', 'josirene.barbosa@ifsuldeminas.edu.br', '(35) 3697-4950', '', 'Sim', NULL, 0),
	(1428, 5, 5, 2, '1035850', 'Judite Fernandes Moreira', 'judite.moreira@muz.ifsuldeminas.edu.br', NULL, '', 'Sim', NULL, 0),
	(1429, 5, 5, 2, '1830628', 'Lilian Fernandes', 'lilian.fernandes@ifsuldeminas.edu.br', NULL, '', 'Sim', NULL, 0),
	(1430, 5, 5, 2, '2170391', 'Lucineia de Souza Oliveira', 'lucineia.oliveira@ifsuldeminas.edu.br', NULL, '', 'Sim', NULL, 0),
	(1431, 5, 5, 2, '1673990', 'Luis Adriano Batista', 'luis.batista@ifsuldeminas.edu.br', NULL, '', 'Sim', NULL, 0),
	(1432, 5, 5, 2, '1799252', 'Luiz Antonio de Sousa Ferreira', 'luiz.ferreira@ifsuldeminas.edu.br', NULL, '', 'Sim', NULL, 0),
	(1433, 5, 5, 2, '1957678', 'Luiz Roberto de Souza', 'luizroberto.souza@ifsuldeminas.edu.br', NULL, '', 'Sim', NULL, 0),
	(1434, 5, 5, 2, '2271593', 'Marcia Aparecida de Oliveira', 'marcia.oliveira@ifsuldeminas.edu.br', NULL, '', 'Sim', NULL, 0),
	(1435, 5, 5, 2, '2087181', 'Marcio Messias Pires', 'marcio.pires@ifsuldeminas.edu.br', NULL, '', 'Sim', NULL, 0),
	(1436, 5, 5, 2, '3098575', 'Marcos Luis da Silva', 'marcos.silva@ifsuldeminas.edu.br', NULL, '', 'Sim', NULL, 0),
	(1437, 5, 5, 2, '1957977', 'Marina Gomes Murta Moreno', 'marina.murta@ifsuldeminas.edu.br', '(35) 3697-4950', '', 'Sim', NULL, 0),
	(1438, 5, 5, 2, '2001559', 'Marlene Reis Silva', 'marlene.silva@ifsuldeminas.edu.br', NULL, '', 'Sim', NULL, 0),
	(1439, 5, 5, 2, '1902139', 'Nayhara Juliana Aniele Pereira Thiers Vieira', 'nayhara.vieira@ifsuldeminas.edu.br', NULL, '', 'Sim', NULL, 0),
	(1440, 5, 5, 2, '1897220', 'Nelson de Lima Damiao', 'nelson.damiao@ifsuldeminas.edu.br', NULL, '', 'Sim', NULL, 0),
	(1441, 5, 5, 2, '2552021', 'Rita de Cassia da Costa', 'rita.costa@ifsuldeminas.edu.br', NULL, '', 'Sim', NULL, 0),
	(1442, 5, 5, 2, '2083445', 'Rosangela Frederico da Fonseca', 'rosangela.fonseca@ifsuldeminas.edu.br', NULL, '', 'Sim', NULL, 0),
	(1443, 5, 5, 2, '2082927', 'Silvio Boccia Pinto de Oliveira Sa', 'silvio.sa@ifsuldeminas.edu.br', NULL, '', 'Sim', NULL, 0),
	(1444, 5, 5, 2, '1105090', 'Simone Borges Machado', 'simone.machado@ifsuldeminas.edu.br', NULL, '', 'Sim', NULL, 0),
	(1445, 5, 5, 2, '1873028', 'Thiago Elias de Sousa', 'thiago.sousa@ifsuldeminas.edu.br', NULL, '', 'Sim', NULL, 0),
	(1446, 5, 5, 2, '2098119', 'Veronica Vassallo Teixeira', 'veronica.teixeira@ifsuldeminas.edu.br', NULL, '', 'Sim', NULL, 0),
	(1447, 9, 9, 2, '2135917', 'Adelia Maria Spacek Dantas de Oliveira', 'adelia.oliveira@ifsuldeminas.edu.br', NULL, '', 'Sim', NULL, 0),
	(1448, 9, 9, 2, '2337911', 'Adriano Ferreira Resende', 'adriano.resende@ifsuldeminas.edu.br', NULL, '', 'Sim', NULL, 0),
	(1449, 9, 9, 2, '1956314', 'Alan Silva Fialho', 'alan.fialho@ifsuldeminas.edu.br', NULL, '', 'Sim', NULL, 0),
	(1450, 9, 9, 2, '2241328', 'Alanna Pires da Silva', 'alanna.silva@ifsuldeminas.edu.br', NULL, '', 'Sim', NULL, 0),
	(1451, 9, 9, 2, '1103975', 'Alexandro Henrique da Silva', 'alex.silva@ifsuldeminas.edu.br', NULL, '', 'Sim', NULL, 0),
	(1452, 9, 9, 2, '1911461', 'Aloisia Rodrigues Hirata', 'aloisia.hirata@ifsuldeminas.edu.br', NULL, '', 'Sim', NULL, 0),
	(1453, 9, 9, 2, '2128651', 'Ana Paula Villela', 'ana.villela@ifsuldeminas.edu.br', NULL, '', 'Sim', NULL, 0),
	(1454, 9, 9, 2, '1957973', 'Arnaldo Toledo da Silva', 'arnaldo.silva@ifsuldeminas.edu.br', NULL, '', 'Sim', NULL, 0),
	(1455, 9, 9, 2, '2266627', 'Arthur Roberto Marcondes', 'arthur.marcondes@ifsuldeminas.edu.br', NULL, '', 'Sim', NULL, 0),
	(1456, 9, 9, 2, '2194097', 'Carlos Gabriel Pesoti', 'carlosgabriel.pesoti@ifsuldeminas.edu.br', NULL, '', 'Sim', NULL, 0),
	(1457, 9, 9, 2, '1817345', 'Cassia Mara Ribeiro de Paiva', 'cassia.paiva@ifsuldeminas.edu.br', NULL, '', 'Sim', NULL, 0),
	(1458, 9, 9, 2, '2210024', 'Cesar Batista de Morais', 'cesar.morais@ifsuldeminas.edu.br', NULL, '', 'Sim', NULL, 0),
	(1459, 9, 9, 2, '2091610', 'Claudio Soares de Souza', 'claudio.souza@ifsuldeminas.edu.br', NULL, '', 'Sim', NULL, 0),
	(1460, 9, 9, 2, '2227725', 'Cynthia Bueno Ferreira', 'cynthia.ferreira@ifsuldeminas.edu.br', NULL, '', 'Sim', NULL, 0),
	(1461, 9, 9, 2, '1087141', 'Damon Francisco de Faria', 'damon.faria@ifsuldeminas.edu.br', NULL, '', 'Sim', NULL, 0),
	(1462, 9, 9, 2, '1160498', 'Daniel dos Santos Oliveira', 'daniel.santos@ifsuldeminas.edu.br', NULL, '', 'Sim', NULL, 0),
	(1463, 9, 9, 2, '1218707', 'Dauri Ribeiro da Silva', 'dauri.silva@ifsuldeminas.edu.br', NULL, '', 'Sim', NULL, 0),
	(1464, 9, 9, 2, '1012647', 'Dennys Roberto Guides', 'dennys.guides@ifsuldeminas.edu.br', NULL, '', 'Sim', NULL, 0),
	(1465, 9, 9, 2, '2183426', 'Diego de Souza Matos', 'diego.matos@ifsuldeminas.edu.br', NULL, '', 'Sim', NULL, 0),
	(1466, 9, 9, 2, '1130085', 'Douglas de Souza Carvalho', 'douglas.carvalho@ifsuldeminas.edu.br', NULL, '', 'Sim', NULL, 0),
	(1467, 9, 9, 2, '1361042', 'Edson Luiz de Lima', 'edson.lima@ifsuldeminas.edu.br', NULL, '', 'Sim', NULL, 0),
	(1468, 9, 9, 2, '1894376', 'Elizangela Maria Costa Pimentel', 'elizangela.pimentel@ifsuldeminas.edu.br', NULL, '', 'Sim', NULL, 0),
	(1469, 9, 9, 2, '2044787', 'Erika Pereira Vilela', 'erika.vilela@ifsuldeminas.edu.br', NULL, '', 'Sim', NULL, 0),
	(1470, 9, 9, 2, '1659304', 'Eunice Cristina da Silva', 'eunice.silva@ifsuldeminas.edu.br', '3449-6253', '', 'Sim', NULL, 0),
	(1471, 9, 9, 2, '2225564', 'Evandro Moreira da Silva', 'evandro.silva@ifsuldeminas.edu.br', NULL, '', 'Sim', NULL, 0),
	(1472, 9, 9, 2, '1817151', 'Fabricio da Silva Faria', 'fabricio.faria@ifsuldeminas.edu.br', NULL, '', 'Sim', NULL, 0),
	(1473, 9, 9, 2, '1136336', 'Felipe Mendes Dias de Lima', 'felipe.lima@ifsuldeminas.edu.br', NULL, '', 'Sim', NULL, 0),
	(1474, 9, 9, 2, '2669553', 'Fernando Rodrigues de Albuquerque', 'fernando.rodrigues@ifsuldeminas.edu.br', NULL, '', 'Sim', NULL, 0),
	(1475, 9, 9, 2, '1029645', 'Francisco Sales de Lima Segundo', 'francisco.sales@ifsuldeminas.edu.br', NULL, '', 'Sim', NULL, 0),
	(1476, 9, 9, 2, '2161318', 'Gabriel Coutinho Titonele', 'gabriel.coutinho@ifsuldeminas.edu.br', NULL, '', 'Sim', NULL, 0),
	(1477, 9, 9, 2, '2441475', 'Gabriel Filipe da Silva', 'gabriel.silva@ifsuldeminas.edu.br', NULL, '', 'Sim', NULL, 0),
	(1478, 9, 9, 2, '1747429', 'Gabriel Maduro Marcondes Pereira', 'gabriel.maduro@ifsuldeminas.edu.br', NULL, '', 'Sim', NULL, 0),
	(1479, 9, 9, 2, '2404245', 'Geisa Bonet Farias', 'geisa.farias@ifsuldeminas.edu.br', NULL, '', 'Sim', NULL, 0),
	(1480, 9, 9, 2, '1811247', 'Gilmar dos Santos Sousa Miranda', 'gilmar.miranda@ifsuldeminas.edu.br', NULL, '', 'Sim', NULL, 0),
	(1481, 9, 9, 2, '2271713', 'Grace Kelly Farias de Queiroz', 'grace.queiroz@ifsuldeminas.edu.br', NULL, '', 'Sim', NULL, 0),
	(1482, 9, 9, 2, '1851985', 'Guilherme Antonio Poscidonio Vieira Camilo', 'guilherme.camilo@ifsuldeminas.edu.br', NULL, '', 'Sim', NULL, 0),
	(1483, 9, 9, 2, '2338180', 'Gustavo Vitor Moreira Fialho', 'gustavo.fialho@ifsuldeminas.edu.br', NULL, '', 'Sim', NULL, 0),
	(1484, 9, 9, 2, '2734159', 'Heloisa Helena Coutinho Pereira', 'heloisa.coutinho@ifsuldeminas.edu.br', NULL, '', 'Sim', NULL, 0),
	(1485, 9, 9, 2, '1672254', 'Honorio Jose de Morais Neto', 'honorio.morais@ifsuldeminas.edu.br', NULL, '', 'Sim', NULL, 0),
	(1486, 9, 9, 2, '2231066', 'Ilton Zacarias Pereira', 'ilton.pereira@ifsuldeminas.edu.br', NULL, '', 'Sim', NULL, 0),
	(1487, 9, 9, 2, '1968298', 'Jaime Donizete Bonamichi', 'jaime.bonamichi@ifsuldeminas.edu.br', NULL, '', 'Sim', NULL, 0),
	(1488, 9, 9, 2, '2265075', 'Jean Luis Rosa Loro', 'jean.loro@ifsuldeminas.edu.br', NULL, '', 'Sim', NULL, 0),
	(1489, 9, 9, 2, '1892108', 'Jeancarlos Jose Borges Junior', 'jean.borges@ifsuldeminas.edu.br', '(35) 3449-6150', '', 'Sim', NULL, 0),
	(1490, 9, 9, 2, '1228785', 'Joao Carlos Ferreira', 'joao.ferreira@ifsuldeminas.edu.br', NULL, '', 'Sim', NULL, 0),
	(1491, 9, 9, 2, '2015357', 'Joao Paulo Espedito Mariano', 'joaopaulo.mariano@ifsuldeminas.edu.br', NULL, '', 'Sim', NULL, 0),
	(1492, 9, 9, 2, '1956693', 'Joao Paulo Silveira de Almeida', 'joaopaulo.almeida@ifsuldeminas.edu.br', NULL, '', 'Sim', NULL, 0),
	(1493, 9, 9, 2, '1957915', 'Joao Tadeu Gomes', 'joaotadeu.gomes@ifsuldeminas.edu.br', NULL, '', 'Sim', NULL, 0),
	(1494, 9, 9, 2, '1832108', 'Joarle Magalhaes Soares', 'joarle.soares@ifsuldeminas.edu.br', '(35) 3449-6197', '', 'Sim', NULL, 0),
	(1495, 9, 9, 2, '2340498', 'Jose Geraldo Dantas Nunes', 'geraldo.dantas@ifsuldeminas.edu.br', NULL, '', 'Sim', NULL, 0),
	(1496, 9, 9, 2, '2025703', 'Joyce Caroline Areas Pereira', 'joyce.pereira@ifsuldeminas.edu.br', NULL, '', 'Sim', NULL, 0),
	(1497, 9, 9, 2, '2377695', 'Juliana Ambar Mezavila Moreira', 'juliana.moreira@ifsuldeminas.edu.br', NULL, '', 'Sim', NULL, 0),
	(1498, 9, 9, 2, '2258707', 'Juliana do Carmo Jesus Pio', 'juliana.pio@ifsuldeminas.edu.br', NULL, '', 'Sim', NULL, 0),
	(1499, 9, 9, 2, '2337014', 'Juliana Ramos Oliveira', 'juliana.ramos@ifsuldeminas.edu.br', NULL, '', 'Sim', NULL, 0),
	(1500, 9, 9, 2, '2946502', 'Juliana Roberto de Oliveira', 'juliana.oliveira@ifsuldeminas.edu.br', NULL, '', 'Sim', NULL, 0),
	(1501, 9, 9, 2, '49587', 'Katia Regina de Souza', 'katia.souza@ifsuldeminas.edu.br', NULL, '', 'Sim', NULL, 0),
	(1502, 9, 9, 2, '1961023', 'Kelica Andrea Campos de Souza', 'kelica.souza@ifsuldeminas.edu.br', NULL, '', 'Sim', NULL, 0),
	(1503, 9, 9, 2, '1964467', 'Leandro de Oliveira', 'leandro.oliveira@ifsuldeminas.edu.br', NULL, '', 'Sim', NULL, 0),
	(1504, 9, 9, 2, '1203319', 'Leonardo Aparecido Ciscon', 'leonardo.ciscon@ifsuldeminas.edu.br', NULL, '', 'Sim', NULL, 0),
	(1505, 9, 9, 2, '1957896', 'Leonardo Silva Manso', 'leonardo.manso@ifsuldeminas.edu.br', NULL, '', 'Sim', NULL, 0),
	(1506, 9, 9, 2, '1140202', 'Lucas Goulart da Silva', 'lucas.goulart@ifsuldeminas.edu.br', NULL, '', 'Sim', NULL, 0),
	(1507, 9, 9, 2, '1752477', 'Lucas Resende Aarao', 'lucas.aarao@ifsuldeminas.edu.br', NULL, '', 'Sim', NULL, 0),
	(1508, 9, 9, 2, '1263476', 'Luiz Filipe Ribeiro Faria', 'luizfilipe.faria@ifsuldeminas.edu.br', NULL, '', 'Sim', NULL, 0),
	(1509, 9, 9, 2, '2384687', 'Luiz Henrique dos Santos', 'luizhenrique.santos@ifsuldeminas.edu.br', NULL, '', 'Sim', NULL, 0),
	(1510, 9, 9, 2, '394626', 'Marcia Aparecida Domingues Carvalhaes', 'marcia.carvalhaes@ifsuldeminas.edu.br', NULL, '', 'Sim', NULL, 0),
	(1511, 9, 9, 2, '2817625', 'Marcio Feliciano do Prado', 'marcio.prado@ifsuldeminas.edu.br', NULL, '', 'Sim', NULL, 0),
	(1512, 9, 9, 2, '1895273', 'Marcio Jose Previtalli', 'marcio.previtalli@ifsuldeminas.edu.br', NULL, '', 'Sim', NULL, 0),
	(1513, 9, 9, 2, '1589304', 'Marco Antonio de Melo Azevedo', 'marco.azevedo@ifsuldeminas.edu.br', NULL, '', 'Sim', NULL, 0),
	(1514, 9, 9, 2, '1895162', 'Marcos Pereira Silveira', 'marcos.silveira@ifsuldeminas.edu.br', NULL, '', 'Sim', NULL, 0),
	(1515, 9, 9, 2, '1747276', 'Maria Ines de Almeida Pelegrini', 'ines.pelegrini@ifsuldeminas.edu.br', NULL, '', 'Sim', NULL, 0),
	(1516, 9, 9, 2, '2861136', 'Maria Rita dos Santos', 'rita.santos@ifsuldeminas.edu.br', NULL, '', 'Sim', NULL, 0),
	(1517, 9, 9, 2, '1797954', 'Mauro Augusto Soares Rodrigues', 'mauro.rodrigues@ifsuldeminas.edu.br', NULL, '', 'Sim', NULL, 0),
	(1518, 9, 9, 2, '2234925', 'Mayra Carvalho Nascimento', 'mayra.nascimento@ifsuldeminas.edu.br', NULL, '', 'Sim', NULL, 0),
	(1519, 9, 9, 2, '1600732', 'Miryan Vieira Alves', 'miryan.alves@ifsuldeminas.edu.br', NULL, '', 'Sim', NULL, 0),
	(1520, 9, 9, 2, '1089269', 'Monalisa Aparecida Pereira', 'monalisa.pereira@ifsuldeminas.edu.br', NULL, '', 'Sim', NULL, 0),
	(1521, 9, 9, 2, '2958211', 'Monica Ribeiro de Araujo', 'monica.araujo@ifsuldeminas.edu.br', NULL, '', 'Sim', NULL, 0),
	(1522, 9, 9, 2, '1797831', 'Nildo Batista', 'nildo.batista@ifsuldeminas.edu.br', NULL, '', 'Sim', NULL, 0),
	(1523, 9, 9, 2, '2089295', 'Osmar Tadeu da Silva', 'osmar.silva@ifsuldeminas.edu.br', NULL, '', 'Sim', NULL, 0),
	(1524, 9, 9, 2, '2344914', 'Paloma Oliveira Milagres', 'paloma.oliveira@ifsuldeminas.edu.br', NULL, '', 'Sim', NULL, 0),
	(1525, 9, 9, 2, '1817630', 'Pamela Helia de Oliveira', 'pamela.oliveira@ifsuldeminas.edu.br', NULL, '', 'Sim', NULL, 0),
	(1526, 9, 9, 2, '3605863', 'Paulo Humberto Rezende', 'paulo.rezende@ifsuldeminas.edu.br', NULL, '', 'Sim', NULL, 0),
	(1527, 9, 9, 2, '2056557', 'Paulo Roberto de Oliveira', 'paulo.oliveira@ifsuldeminas.edu.br', NULL, '', 'Sim', NULL, 0),
	(1528, 9, 9, 2, '1994208', 'Pedro Henrique Mendonca dos Santos', 'pedro.santos@ifsuldeminas.edu.br', NULL, '', 'Sim', NULL, 0),
	(1529, 9, 9, 2, '1474161', 'Rafael Gomes Tenorio', 'rafael.tenorio@ifsuldeminas.edu.br', NULL, '', 'Sim', NULL, 0),
	(1530, 9, 9, 2, '1822144', 'Raquel Bonamichi dos Santos Soares', 'raquel.bonamichi@ifsuldeminas.edu.br', NULL, '', 'Sim', NULL, 0),
	(1531, 9, 9, 2, '2073474', 'Regiane Cristina Magalhaes', 'regiane.magalhaes@ifsuldeminas.edu.br', NULL, '', 'Sim', NULL, 0),
	(1532, 9, 9, 2, '1806502', 'Reginaldo de Oliveira', 'reginaldo.oliveira@ifsuldeminas.edu.br', NULL, '', 'Sim', NULL, 0),
	(1533, 9, 9, 2, '1865074', 'Ricardo Jose de Araujo', 'ricardo.araujo@ifsuldeminas.edu.br', NULL, '', 'Sim', NULL, 0),
	(1534, 9, 9, 2, '1679240', 'Ricardo Jose Reis de Abreu', 'ricardo.abreu@ifsuldeminas.edu.br', NULL, '', 'Sim', NULL, 0),
	(1535, 9, 9, 2, '2164989', 'Roberto Carlos Cavalcanti da Conceicao', 'roberto.conceicao@ifsuldeminas.edu.br', NULL, '', 'Sim', NULL, 0),
	(1536, 9, 9, 2, '1190988', 'Robson Vitor Mendonca', 'robson.mendonca@ifsuldeminas.edu.br', NULL, '', 'Sim', NULL, 0),
	(1537, 9, 9, 2, '2158804', 'Rosana Aparecida Renno Moreira Aleixo', 'rosana.aleixo@ifsuldeminas.edu.br', NULL, '', 'Sim', NULL, 0),
	(1538, 9, 9, 2, '1105184', 'Roselei Eleoterio', 'roselei.eleoterio@ifsuldeminas.edu.br', NULL, '', 'Sim', NULL, 0),
	(1539, 9, 9, 2, '2183507', 'Rosimeire Ribeiro', 'rosimeire.ribeiro@ifsuldeminas.edu.br', NULL, '', 'Sim', NULL, 0),
	(1540, 9, 9, 2, '1352011', 'Samara Bruzadelli Moscardini', 'samara.moscardini@ifsuldeminas.edu.br', NULL, '', 'Sim', NULL, 0),
	(1541, 9, 9, 2, '1845101', 'Samuel Fernando Pontes', 'samuel.pontes@ifsuldeminas.edu.br', NULL, '', 'Sim', NULL, 0),
	(1542, 9, 9, 2, '1671561', 'Silvia Giovanelli Sandrini', 'silvia.sandrini@ifsuldeminas.edu.br', NULL, '', 'Sim', NULL, 0),
	(1543, 9, 9, 2, '1896186', 'Sonia Regina Alvim Negreti', 'sonia.alvim@ifsuldeminas.edu.br', NULL, '', 'Sim', NULL, 0),
	(1544, 9, 9, 2, '2084490', 'Sueli do Carmo Oliveira', 'sueli.oliveira@ifsuldeminas.edu.br', '(35) 3449-2347', '', 'Sim', NULL, 0),
	(1545, 9, 9, 2, '2147272', 'Talita Valadares Carvalho', 'talita.carvalho@ifsuldeminas.edu.br', NULL, '', 'Sim', NULL, 0),
	(1546, 9, 9, 2, '2022061', 'Thais Domingues Carvalhaes', 'thais.carvalhaes@ifsuldeminas.edu.br', NULL, '', 'Sim', NULL, 0),
	(1547, 9, 9, 2, '1969706', 'Valdir Morales', 'valdir.morales@ifsuldeminas.edu.br', NULL, '', 'Sim', NULL, 0),
	(1548, 9, 9, 2, '2410276', 'Vanessa Fernanda Zatta', 'vanessa.zatta@ifsuldeminas.edu.br', NULL, '', 'Sim', NULL, 0),
	(1549, 9, 9, 2, '1672478', 'Wellington Openheimer Ribeiro', 'wellington.ribeiro@ifsuldeminas.edu.br', '(35) 3449-6269', '', 'Sim', NULL, 0),
	(1550, 9, 9, 2, '2388117', 'William Oliveira Felix', 'william.felix@ifsuldeminas.edu.br', NULL, '', 'Sim', NULL, 0),
	(1551, 8, 8, 2, '1234853', 'Aline Moura Miranda Gomes', 'aline.gomes@ifsuldeminas.edu.br', NULL, '', 'Sim', NULL, 0),
	(1552, 8, 8, 2, '1818577', 'Anne Caroline Bastos Bueno', 'anne.bueno@ifsuldeminas.edu.br', NULL, '', 'Sim', NULL, 0),
	(1553, 8, 8, 2, '1995132', 'Bruno Weber Ribeiro', 'bruno.ribeiro@ifsuldeminas.edu.br', NULL, '', 'Sim', NULL, 0),
	(1554, 8, 8, 2, '1218175', 'Claudia Pereira Resende Santos', 'claudia.resende@ifsuldeminas.edu.br', NULL, '', 'Sim', NULL, 0),
	(1555, 8, 8, 2, '2379397', 'Fabio Machado Ruza', 'fabio.ruza@ifsuldeminas.edu.br', NULL, '', 'Sim', NULL, 0),
	(1556, 8, 8, 2, '2126015', 'Fernanda Lasneaux Pereira Ribeiro', 'fernanda.ribeiro@ifsuldeminas.edu.br', NULL, '', 'Sim', NULL, 0),
	(1557, 8, 8, 2, '2128559', 'Hermila Resende Santos', 'hermila.santos@ifsuldeminas.edu.br', NULL, '', 'Sim', NULL, 0),
	(1558, 8, 8, 2, '304747', 'Jose Reinaldo dos Reis Ferreira', 'jose.ferreira@ifsuldeminas.edu.br', NULL, '', 'Sim', NULL, 0),
	(1559, 8, 8, 2, '1863568', 'Maira Figueiredo Vieira', 'maira.figueiredo@ifsuldeminas.edu.br', NULL, '', 'Sim', NULL, 0),
	(1560, 8, 8, 2, '2415396', 'Marco Aurelio Mota Vilar', 'marco.vilar@ifsuldeminas.edu.br', NULL, '', 'Sim', NULL, 0),
	(1561, 8, 8, 2, '1743956', 'Maria Aparecida Brito Santos', 'maria.brito@ifsuldeminas.edu.br', NULL, '', 'Sim', NULL, 0),
	(1562, 8, 8, 2, '2091453', 'Olimpio Augusto Carvalho Branquinho', 'olimpio.branquinho@ifsuldeminas.edu.br', NULL, '', 'Sim', NULL, 0),
	(1563, 8, 8, 2, '2089234', 'Virginia Castro', 'virginia.castro@ifsuldeminas.edu.br', NULL, '', 'Sim', NULL, 0),
	(1564, 8, 8, 2, '1934174', 'Vivian Pala Ribeiro', 'vivian.ribeiro@ifsuldeminas.edu.br', NULL, '', 'Sim', NULL, 0),
	(1565, 8, 8, 2, '49610', 'Wanderley Fajardo Pereira', 'wanderley.fajardo@ifsuldeminas.edu.br', NULL, '', 'Sim', NULL, 0),
	(1566, 8, 8, 2, '1821454', 'Wanucia Maria Maia Bernardes Barros', 'wanucia.barros@ifsuldeminas.edu.br', NULL, '', 'Sim', NULL, 0),
	(1567, 8, 8, 2, '1308219', 'William Sena de Freitas', 'william.freitas@ifsuldeminas.edu.br', NULL, '', 'Sim', NULL, 0),
	(1568, 7, 7, 2, '2379436', 'Adilene Moreira Dionizio', 'adilene.dionizio@ifsuldeminas.edu.br', NULL, '', 'Sim', NULL, 0),
	(1569, 7, 7, 2, '2084452', 'Andre Ribeiro Viana', 'andre.viana@ifsuldeminas.edu.br', NULL, '', 'Sim', NULL, 0),
	(1570, 7, 7, 2, '2084699', 'Arthemisa Freitas Guimaraes Costa', 'arthemisa.costa@ifsuldeminas.edu.br', NULL, '', 'Sim', NULL, 0),
	(1571, 7, 7, 2, '1730520', 'Carla Aparecida de Souza Viana', 'carla.viana@ifsuldeminas.edu.br', NULL, '', 'Sim', NULL, 0),
	(1572, 7, 7, 2, '2240477', 'Daniela Harue Sakaguti', 'daniela.sakaguti@ifsuldeminas.edu.br', NULL, '', 'Sim', NULL, 0),
	(1573, 7, 7, 2, '2803155', 'Joao Paulo Junqueira Geovanini', 'joao.junqueira@ifsuldeminas.edu.br', NULL, '', 'Sim', NULL, 0),
	(1574, 7, 7, 2, '1676933', 'Lidia Lopes Ozorio', 'lidia.ozorio@ifsuldeminas.edu.br', NULL, '', 'Sim', NULL, 0),
	(1575, 7, 7, 2, '1108583', 'Liuane Aparecida da Silva', 'liuane.silva@ifsuldeminas.edu.br', NULL, '', 'Sim', NULL, 0),
	(1576, 7, 7, 2, '748783', 'Luiz Roberto dos Santos Azevedo', 'luiz.azevedo@ifsuldeminas.edu.br', NULL, '', 'Sim', NULL, 0),
	(1577, 7, 7, 2, '1850425', 'Natalia Moreira Mafra', 'natalia.mafra@ifsuldeminas.edu.br', NULL, '', 'Sim', NULL, 0),
	(1578, 7, 7, 2, '2184679', 'Natalia Rodrigues Silva', 'natalia.silva@ifsuldeminas.edu.br', NULL, '', 'Sim', NULL, 0),
	(1580, 2, 2, 1, NULL, 'Adélia Pereira Miranda', 'adelia.miranda@ifsuldeminas.edu.br', '(35) 3295-9700', '', 'Não', NULL, 0),
	(1581, 1, 1, 1, NULL, 'Claudino Ortigara', 'claudino.ortigara@ifsuldeminas.edu.br', '(35) 3464-1178', '', 'Não', NULL, 0),
	(1582, 4, 4, 1, NULL, 'Wanderson Lopes Lamounier', 'wanderson.lamounier@ifsuldeminas.edu.br', '(35) 3526-4856', '', 'Não', NULL, 0),
	(1583, 5, 5, 1, NULL, 'Munike Gonçalves de Rezende', 'munike.rezende@ifsuldeminas.edu.br', '(35) 3697-4950', '', 'Não', NULL, 0),
	(1584, 1, 1, 1, NULL, 'Marlei Rodrigues Franco', 'marlei.franco@ifsuldeminas.edu.br', '(35) 3464-1200', '', 'Não', NULL, 0),
	(1585, 4, 4, 1, NULL, 'Márcio Antônio Ferreira Camargo', 'marcio.camargo@ifsuldeminas.edu.br', '(35) 3526-4856', '', 'Não', NULL, 0),
	(1586, 1, 1, 1, NULL, 'Andrei Venturini Martins', 'andrei.martins@ifsuldeminas.edu.br', '(35) 3464-1200', '', 'Não', NULL, 0),
	(1587, 2, 2, 1, NULL, 'Daniel Aparecido de Souza', 'daniel.souza@ifsuldeminas.edu.br', '(35) 3295-9700 / Fax: (35) 3295-9709', '', 'Não', NULL, 0),
	(1588, 5, 5, 1, NULL, 'Larissa Cristina Arruda de Oliveira Benedini', 'larissa.benedini@ifsuldeminas.edu.br', '(35) 3697-4950', '', 'Não', NULL, 0),
	(1589, 5, 5, 1, NULL, 'Rafael Felipe Coelho Neves', 'rafael.neves@ifsuldeminas.edu.br', NULL, '', 'Sim', NULL, 0),
	(1590, 5, 5, 2, '3006386', 'Adriana Aparecida Marques', 'adriana.marques@ifsuldeminas.edu.br', NULL, '', 'Sim', NULL, 0),
	(1591, 6, 6, 1, '1315364', 'Adriana Falqueto Lemos', 'adriana.falqueto@ifsuldeminas.edu.br', NULL, '', 'Sim', NULL, 0),
	(1592, 1, 1, 2, '3058170', 'Adriano dos Reis Carvalho', 'adriano.carvalho@ifsuldeminas.edu.br', NULL, '', 'Sim', NULL, 0),
	(1593, 1, 1, 2, '1172014', 'Alessandro Francisco Rangel', 'alessandro.rangel@ifsuldeminas.edu.br', NULL, '', 'Sim', NULL, 0),
	(1594, 6, 6, 1, '1758595', 'Alexandre Fieno da Silva', 'alexandre.silva@ifsuldeminas.edu.br', NULL, '', 'Sim', NULL, 0),
	(1595, 2, 2, 2, '1527815', 'Alexandre Thome da Silva de Almeida', 'alexandre.almeida@ifsuldeminas.edu.br', NULL, '', 'Sim', NULL, 0),
	(1596, 2, 2, 1, '2894808', 'Aline Fernandes da Silva Reno', 'aline.reno@ifsuldeminas.edu.br', NULL, '', 'Sim', NULL, 0),
	(1597, 4, 4, 2, '1068088', 'Aline Gonzaga Ramos', 'aline.ramos@ifsuldeminas.edu.br', NULL, '', 'Sim', NULL, 0),
	(1598, 3, 3, 2, '1441914', 'Aline Ribeiro', 'aline.ribeiro@muz.ifsuldeminas.edu.br', NULL, '', 'Sim', NULL, 0),
	(1599, 5, 5, 1, '1732384', 'Amilcar Walter Saporetti Junior', 'amilcar.junior@ifsuldeminas.edu.br', NULL, '', 'Sim', NULL, 0),
	(1600, 3, 3, 1, '1274299', 'Ana Carolina Resende Maia', 'ana.maia@muz.ifsuldeminas.edu.br', NULL, '', 'Sim', NULL, 0),
	(1601, 1, 1, 1, '3136701', 'Ana Carolina Soares Oliveira', 'carolina.oliveira@ifsuldeminas.edu.br', NULL, '', 'Sim', NULL, 0),
	(1602, 5, 5, 1, '1319268', 'Ana Cristina Campos Prado', 'anacristina.prado@ifsuldeminas.edu.br', NULL, '', 'Sim', NULL, 0),
	(1603, 7, 7, 1, '3064485', 'Andresa Fabiana Batista Guimaraes', 'andresa.guimaraes@ifsuldeminas.edu.br', NULL, '', 'Sim', NULL, 0),
	(1604, 2, 2, 2, '3052835', 'Andreza Candida de Oliveira', 'andreza.oliveira@ifsuldeminas.edu.br', NULL, '', 'Sim', NULL, 0),
	(1605, 3, 3, 2, '1256450', 'Anselmo Augusto de Paiva Custodio', 'anselmo.custodio@muz.ifsuldeminas.edu.br', NULL, '', 'Sim', NULL, 0),
	(1606, 4, 4, 1, '1269540', 'Arnaldo Camargo Botazini Junior', 'arnaldo.junior@ifsuldeminas.edu.br', NULL, '', 'Sim', NULL, 0),
	(1607, 1, 1, 2, '3138538', 'Briza Paula de Oliveira', 'briza.oliveira@ifsuldeminas.edu.br', NULL, '', 'Sim', NULL, 0),
	(1608, 9, 9, 2, '3152195', 'Bruno Vinicius Vital Borges', 'Bruno.borges@ifsuldeminas.edu.br', NULL, '', 'Sim', NULL, 0),
	(1609, 2, 2, 1, '1086447', 'Camila de Araujo Cabral', 'camila.cabral@ifsuldeminas.edu.br', NULL, '', 'Sim', NULL, 0),
	(1610, 9, 9, 2, '1161980', 'Camila Pereira Santos', 'Camila.santos@ifsuldeminas.edu.br', NULL, '', 'Sim', NULL, 0),
	(1611, 1, 1, 1, '1658118', 'Camila Souza dos Anjos Lacerda', 'camila.lacerda@ifsuldeminas.edu.br', NULL, '', 'Sim', NULL, 0),
	(1612, 9, 9, 2, '3339442', 'Carlos Augusto da Silva Martins', 'carlos.martins@ifsuldeminas.edu.br', NULL, '', 'Sim', NULL, 0),
	(1613, 8, 8, 1, '1244834', 'Carlos Eduardo de Paula Abreu', 'carlos.abreu@ifsuldeminas.edu.br', NULL, '', 'Sim', NULL, 0),
	(1614, 1, 1, 2, '1094329', 'Carlos Gilberto Bezerra Lima', 'carlos.bezerra@ifsuldeminas.edu.br', NULL, '', 'Sim', NULL, 0),
	(1615, 3, 3, 2, '1154325', 'Carolina Camargo Zani Marinho', 'carolina.marinho@muz.ifsuldeminas.edu.br', NULL, '', 'Sim', NULL, 0),
	(1616, 6, 6, 1, '3159577', 'Carolina Souza Andrade Licio', 'carolina.licio@ifsuldeminas.edu.br', NULL, '', 'Sim', NULL, 0),
	(1617, 3, 3, 2, '1623411', 'Caroline de Souza Almeida', 'caroline.almeida@muz.ifsuldeminas.edu.br', NULL, '', 'Sim', NULL, 0),
	(1618, 2, 2, 2, '1934179', 'Christiane Lentz de Almeida', 'christiane.almeida@ifsuldeminas.edu.br', NULL, '', 'Sim', NULL, 0),
	(1619, 4, 4, 1, '3057569', 'Cintia da Silva', 'cintia.dasilva@ifsuldeminas.edu.br', NULL, '', 'Sim', NULL, 0),
	(1620, 6, 6, 1, '1414925', 'Claudia Catarino Pereira', 'claudia.catarino@ifsuldeminas.edu.br', NULL, '', 'Sim', NULL, 0),
	(1621, 3, 3, 2, '3086448', 'Claudio Vieira da Silva', 'claudio.silva@muz.ifsuldeminas.edu.br', NULL, '', 'Sim', NULL, 0),
	(1622, 3, 3, 1, '1262973', 'Daniel Chiaradia Oliveira', 'daniel.oliveira@muz.ifsuldeminas.com.br', NULL, '', 'Sim', NULL, 0),
	(1623, 6, 6, 1, '3064494', 'Daniel Cicero Pelissari', 'daniel.pelissari@ifsuldeminas.edu.br', NULL, '', 'Sim', NULL, 0),
	(1624, 3, 3, 2, '1879399', 'Daniel Hananias Cabral de Oliveira', 'daniel.cabral@muz.ifsuldeminas.edu.br', NULL, '', 'Sim', NULL, 0),
	(1625, 6, 6, 1, '1002732', 'Danielli Ferreira Silva', 'danielli.ferreira@ifsuldeminas.edu.br', NULL, '', 'Sim', NULL, 0),
	(1626, 3, 3, 1, '3141563', 'Daniel William Ferreira de Camargo', 'daniel.camargo@muz.ifsuldeminas.edu.br', NULL, '', 'Sim', NULL, 0),
	(1627, 2, 2, 2, '1169245', 'Davi Ferri de Carvalho Dias', 'davi.dias@ifsuldeminas.edu.br', NULL, '', 'Sim', NULL, 0),
	(1628, 1, 1, 1, '1066774', 'Davi Vieira Medeiros', 'davi.medeiros@ifsuldeminas.edu.br', NULL, '', 'Sim', NULL, 0),
	(1629, 2, 2, 1, '1172864', 'Debora de Carvalho Dourado', 'debora.dourado@ifsuldeminas.edu.br', NULL, '', 'Sim', NULL, 0),
	(1630, 1, 1, 1, '1008998', 'Debora Paula Simoes', 'Debora.simoes@ifsuldeminas.edu.br', NULL, '', 'Sim', NULL, 0),
	(1631, 1, 1, 2, '55883', 'Denise Dutra Santos Inojosa', 'deniseinojosa@mpf.mp.br', NULL, '', 'Não', NULL, 0),
	(1632, 2, 2, 1, '2247286', 'Derica Karoly Evarista Almeida', 'derica.almeida@ifsuldeminas.edu.br', NULL, '', 'Sim', NULL, 0),
	(1633, 1, 1, 2, '3006431', 'Deyse do Valle Rodrigues Neves', 'deyse.neves@ifsuldeminas.edu.br', NULL, '', 'Sim', NULL, 0),
	(1634, 8, 8, 2, '1229453', 'Diego Eugenio Rodrigues de Araujo', 'diego.araujo@ifsuldeminas.edu.br', '35 3239-9470', '', 'Sim', NULL, 0),
	(1635, 3, 3, 1, '1334985', 'Diego Saqui', 'diego.saqui@muz.ifsuldeminas.edu.br', NULL, '', 'Sim', NULL, 0),
	(1636, 2, 2, 1, '2997356', 'Diego Zanetti', 'diego.zanetti@ifsuldeminas.edu.br', NULL, '', 'Sim', NULL, 0),
	(1637, 4, 4, 1, '1246871', 'Diogo Rogora Kawano', 'diogo.kawano@ifsuldeminas.edu.br', NULL, '', 'Sim', NULL, 0),
	(1638, 9, 9, 2, '2130085', 'Douglas de Souza Carvalho', 'douglas.carvalho@ifsuldeminas.edu.br', NULL, '', 'Sim', NULL, 0),
	(1639, 1, 1, 2, '1135568', 'Ederson de Azevedo Mostre', 'ederson.mostre@ifsuldeminas.edu.br', NULL, '', 'Sim', NULL, 0),
	(1640, 1, 1, 1, '1031324', 'Eduarda Oliveira Reis', 'eduarda.reis@ifsuldeminas.edu.br', NULL, '', 'Sim', NULL, 0),
	(1641, 9, 9, 2, '2390570', 'Elizangela Pimenta Rodrigues Dias', 'elizangela.rodrigues@ifsuldeminas.edu.br', NULL, '', 'Sim', NULL, 0),
	(1642, 6, 6, 1, '3149489', 'Emanuelle Kopanyshyn', 'emanuelle.kopanyshyn@ifsuldeminas.edu.br', NULL, '', 'Sim', NULL, 0),
	(1643, 9, 9, 2, '1121638', 'Emeline Canabarro de Castro', 'emeline.castro@ifsuldeminas.edu.br', NULL, '', 'Sim', NULL, 0),
	(1644, 1, 1, 2, '2965362', 'Eneida Sales Noronha', 'eneida.noronha@ifsuldeminas.edu.br', NULL, '', 'Sim', NULL, 0),
	(1645, 5, 5, 1, '3086948', 'Erick Akio Nagata', 'erick.nagata@ifsuldeminas.edu.br', NULL, '', 'Sim', NULL, 0),
	(1646, 6, 6, 1, '1067865', 'Estela Costa Ferreira', 'estela.ferreira@ifsuldeminas.edu.br', NULL, '', 'Sim', NULL, 0),
	(1647, 9, 9, 2, '3006333', 'Everton de Gusmao Rocha', 'everton.rocha@ifsuldeminas.edu.br', NULL, '', 'Sim', NULL, 0),
	(1648, 2, 2, 2, '3561888', 'Fabio Brazier', 'fabio.brazier@ifsuldeminas.edu.br', NULL, '', 'Sim', NULL, 0),
	(1649, 9, 9, 2, '1379397', 'Fabio Machado Ruza', 'fabio.ruza@ifsuldeminas.edu.br', NULL, '', 'Sim', NULL, 0),
	(1650, 7, 7, 1, '1083870', 'Fabiula Ferrarez Silva Gajo', 'fabiula.gajo@ifsuldeminas.edu.br', NULL, '', 'Sim', NULL, 0),
	(1651, 1, 1, 1, '1315896', 'Felisberto Alves Ferreira Junior', 'felisberto.ferreira@ifsuldeminas.edu.br', NULL, '', 'Sim', NULL, 0),
	(1652, 3, 3, 1, '3051148', 'Fernanda Chicharo Chacar', 'fernanda.chacar@muz.ifsuldeminas.edu.br', NULL, '', 'Sim', NULL, 0),
	(1653, 7, 7, 1, '3088484', 'Fernanda da Silva Antonio', 'fernanda.antonio@ifsuldeminas.edu.br', NULL, '', 'Sim', NULL, 0),
	(1654, 8, 8, 1, '1334907', 'Gabriel Amato Bruno de Lima', 'gabriel.amato@ifsuldeminas.edu.br', NULL, '', 'Sim', NULL, 0),
	(1655, 2, 2, 1, '1619041', 'Gabriela Rossetti Montini', 'gabriela.montini@ifsuldeminas.edu.br', NULL, '', 'Sim', NULL, 0),
	(1656, 9, 9, 2, '3159624', 'Gabriel Morais Silveira', 'gabriel.silveira@ifsuldeminas.edu.br', NULL, '', 'Sim', NULL, 0),
	(1657, 1, 1, 1, '3057301', 'Gelindo Martinelli Alves', 'gelindo.alves@ifsuldeminas.edu.br', NULL, '', 'Sim', NULL, 0),
	(1658, 9, 9, 2, '3358840', 'Geovani Lopes Silva', 'geovani.lopes@ifsuldeminas.edu.br', NULL, '', 'Sim', NULL, 0),
	(1659, 1, 1, 1, '1276193', 'Geycy Dyany Oliveira Lima', 'geycy.lima@ifsuldeminas.edu.br', NULL, '', 'Sim', NULL, 0),
	(1660, 1, 1, 2, '1150489', 'Giuliano Manoel Ribeiro do Vale', 'giuliano.vale@ifsuldeminas.edu.br', NULL, '', 'Sim', NULL, 0),
	(1661, 1, 1, 2, '1766550', 'Glenio Gomes Nazareno', 'glenio.nazareno@ifsuldeminas.edu.br', NULL, '', 'Sim', NULL, 0),
	(1662, 6, 6, 1, '1211345', 'Gleysson de Paula Terra', 'gleysson.terra@ifsuldeminas.edu.br', NULL, '', 'Sim', NULL, 0),
	(1663, 1, 1, 2, '1322847', 'Grasiele Reisdorfer', 'grasiele.reisdorfer@ifsuldeminas.edu.br', NULL, '', 'Sim', NULL, 0),
	(1664, 4, 4, 1, '1223644', 'Gustavo Clemente Valadares', 'gustavo.valadares@ifsuldeminas.edu.br', NULL, '', 'Sim', NULL, 0),
	(1665, 3, 3, 1, '1967363', 'Gustavo de Souza Neves', 'gustavo.neves@muz.ifsuldeminas.edu.br', NULL, '', 'Sim', NULL, 0),
	(1666, 7, 7, 1, '2749946', 'Gusthavo Augusto Alves Rodrigues', 'gusthavo.rodrigues@ifsuldeminas.edu.br', NULL, '', 'Sim', NULL, 0),
	(1667, 1, 1, 1, '1015641', 'Gusthavo Ribeiro Vaz da Costa', 'gusthavo.costa@ifsuldeminas.edu.br', NULL, '', 'Sim', NULL, 0),
	(1668, 8, 8, 1, '1552883', 'Harley de Faria Rios', 'harley.rios@ifsuldeminas.edu.br', NULL, '', 'Sim', NULL, 0),
	(1669, 5, 5, 1, '1218196', 'Humberto Vargas Duque', 'humberto.duque@ifsuldeminas.edu.br', NULL, '', 'Sim', NULL, 0),
	(1670, 8, 8, 1, '1342849', 'Igor dos Santos Alves', 'igor.alves@ifsuldeminas.edu.br', NULL, '', 'Sim', NULL, 0),
	(1671, 9, 9, 2, '3159740', 'Igor Fabri Ferreira', 'igor.ferreira@ifsuldeminas.edu.br', NULL, '', 'Sim', NULL, 0),
	(1672, 9, 9, 2, '1240459', 'Igor Luciano de Lima Moreira', 'igor.moreira@ifsuldeminas.edu.br', NULL, '', 'Sim', NULL, 0),
	(1673, 2, 2, 1, '1224998', 'Isaac Cassemiro Ribeiro', 'isaac.ribeiro@ifsuldeminas.edu.br', NULL, '', 'Sim', NULL, 0),
	(1674, 7, 7, 1, '1882660', 'Isabel Cristina Vieira Bento Bastos', 'isabel.bento@ifsuldeminas.edu.br', NULL, '', 'Sim', NULL, 0),
	(1675, 2, 2, 2, '3019864', 'Jefferson Eduardo Goncalves', 'jefferson.goncalves@ifsuldeminas.edu.br', NULL, '', 'Sim', NULL, 0),
	(1676, 3, 3, 1, '3112694', 'Joao Luiz Baldim Zanin', 'joao.zanin@muz.ifsuldeminas.edu.br', NULL, '', 'Sim', NULL, 0),
	(1677, 2, 2, 1, '1410594', 'Joao Paulo Barbieri', 'joao.barbieri@ifsuldeminas.edu.br', NULL, '', 'Sim', NULL, 0),
	(1678, 1, 1, 2, '1122077', 'Joao Paulo Telini Domingues', 'joao.domingues@ifsuldeminas.edu.br', NULL, '', 'Sim', NULL, 0),
	(1679, 7, 7, 1, '1262326', 'Joao Uilson Vieira Filho', 'joaouilson.filho@ifsuldeminas.edu.br', NULL, '', 'Sim', NULL, 0),
	(1680, 9, 9, 2, '1377695', 'Juliana Ambar Mezavila Moreira', 'juliana.moreira@ifsuldeminas.edu.br', NULL, '', 'Sim', NULL, 0),
	(1681, 3, 3, 1, '1279951', 'Juliana Cristina dos Santos', 'juliana.santos@muz.ifsuldeminas.edu.br', NULL, '', 'Sim', NULL, 0),
	(1682, 3, 3, 2, '3159157', 'Juliano Gustavo Vieira Strabeli', 'juliano.strabeli@muz.ifsuldeminas.edu.br', NULL, '', 'Sim', NULL, 0),
	(1683, 4, 4, 1, '3121914', 'Julio Cezar da Silva', 'julio.silva@ifsuldeminas.edu.br', NULL, '', 'Sim', NULL, 0),
	(1684, 1, 1, 2, '3006531', 'Karina Aguiar de Freitas Souza', 'karina.freitas@ifsuldeminas.edu.br', NULL, '', 'Sim', NULL, 0),
	(1685, 2, 2, 1, '1082325', 'Karita Santos da Mota', 'karita.mota@ifsuldeminas.edu.br', NULL, '', 'Sim', NULL, 0),
	(1686, 9, 9, 2, '1012590', 'Kelli Pereira de Oliveira', 'kelli.oliveira@ifsuldeminas.edu.br', NULL, '', 'Sim', NULL, 0),
	(1687, 2, 2, 1, '2717620', 'Larisse Silva de Souza', 'larisse.silva@ifsuldeminas.edu.br', NULL, '', 'Sim', NULL, 0),
	(1688, 9, 9, 2, '1265390', 'Leandro Roberto Ferreira dos Santos', 'leandro.santos@ifsuldeminas.edu.br', NULL, '', 'Sim', NULL, 0),
	(1689, 2, 2, 2, '3120577', 'Lidia Caroline Avelino', 'lidia.avelino@ifsuldeminas.edu.br', NULL, '', 'Sim', NULL, 0),
	(1690, 6, 6, 2, '3128555', 'Luciano Claudio', 'luciano.cladio@ifsuldeminas.edu.br', NULL, '', 'Sim', NULL, 0),
	(1691, 3, 3, 1, '3057214', 'Luis Felipe Afonso Toledo', 'luisfelipe.toledo@ifsuldeminas.edu.br', NULL, '', 'Sim', NULL, 0),
	(1692, 2, 2, 1, '2025566', 'Luis Lessi dos Reis', 'luis.reis@ifsuldeminas.edu.br', NULL, '', 'Sim', NULL, 0),
	(1693, 1, 1, 1, '1294459', 'Maiquel Moreira Nunes Santos', 'maiquel.santos@ifsuldeminas.edu.br', NULL, '', 'Sim', NULL, 0),
	(1694, 1, 1, 1, '1352084', 'Mara Aparecida Pereira de Avila', 'mara.avila@ifsuldeminas.edu.br', NULL, '', 'Sim', NULL, 0),
	(1695, 3, 3, 2, '2519627', 'Marcelo Antonio Morais', 'marcelo.morais@muz.ifsuldeminas.edu.br', NULL, '', 'Sim', NULL, 0),
	(1696, 8, 8, 2, '1608952', 'Marco Antonio Calil Prado', 'marco.prado@ifsuldeminas.edu.br', NULL, '', 'Sim', NULL, 0),
	(1697, 4, 4, 2, '3064406', 'Marco Antonio Ferreira Severino', 'marco.severino@ifsuldeminas.edu.br', NULL, '', 'Sim', NULL, 0),
	(1698, 3, 3, 1, '1359220', 'Marco Aurelio Dessimoni Dias', 'marco.dias@muz.ifsuldeminas.edu.br', NULL, '', 'Sim', NULL, 0),
	(1699, 1, 1, 1, '1066535', 'Marcus Vinicius Gomes de Lima', 'marcus.lima@ifsuldeminas.edu.br', NULL, '', 'Sim', NULL, 0),
	(1700, 3, 3, 1, '1871881', 'Maria Aparecida Lucio Mendes', 'maria.mendes@muz.ifsuldeminas.edu.br', NULL, '', 'Sim', NULL, 0),
	(1701, 1, 1, 1, '1189310', 'Mariana Fernandes Pereira', 'mariana.pereira@ifsuldeminas.edu.br', NULL, '', 'Sim', NULL, 0),
	(1702, 5, 5, 2, '1568656', 'Maria Regina Fernandes da Silva', 'maria.regina@ifsuldeminas.edu.br', NULL, '', 'Sim', NULL, 0),
	(1703, 9, 9, 2, '3159682', 'Matheus Costa da Silva', 'matheus.costa@ifsuldeminas.edu.br', NULL, '', 'Sim', NULL, 0),
	(1704, 1, 1, 1, '2146191', 'Matheus Guedes Vilas Boas', 'matheus.vilasboas@ifsuldeminas.edu.br', NULL, '', 'Sim', NULL, 0),
	(1705, 2, 2, 1, '1212276', 'Michelle Silva Ramos', 'michelle.ramos@ifsuldeminas.edu.br', NULL, '', 'Sim', NULL, 0),
	(1706, 3, 3, 1, '1344956', 'Milene Dias Ferreira Magri', 'milene.magri@muz.ifsuldeminas.edu.br', NULL, '', 'Sim', NULL, 0),
	(1707, 1, 1, 1, '1300276', 'Milton Procopio de Borba', 'milton.borba@ifsuldeminas.edu.br', NULL, '', 'Sim', NULL, 0),
	(1708, 7, 7, 2, '2275101', 'Moises Pinheiro Souza', 'moises.souza@ifsuldeminas.edu.br', NULL, '', 'Sim', NULL, 0),
	(1709, 3, 3, 1, '3055245', 'Natercia Taveira Carvalhaes Dias', 'natercia.dias@ifsuldeminas.edu.br', NULL, '', 'Sim', NULL, 0),
	(1710, 9, 9, 2, '1313037', 'Nereu Moreira dos Santos Filho', 'nereu.filho@ifsuldeminas.edu.br', NULL, '', 'Sim', NULL, 0),
	(1711, 9, 9, 2, '1105075', 'Niel Jose Peres', 'niel.peres@ifsuldeminas.edu.br', NULL, '', 'Sim', NULL, 0),
	(1712, 2, 2, 1, '2452792', 'Osmar de Araujo Dourado Junior', 'osmar.junior@ifsuldeminas.edu.br', NULL, '', 'Sim', NULL, 0),
	(1713, 6, 6, 1, '3057330', 'Pablyne Sant Ana Cristeli', 'pablyne.cristeli@ifsuldeminas.edu.br', NULL, '', 'Sim', NULL, 0),
	(1714, 8, 8, 2, '1786272', 'Paula Magda da Silva Roma', 'paula.roma@ifsuldeminas.edu.br', NULL, '', 'Sim', NULL, 0),
	(1715, 7, 7, 1, '1180172', 'Paula Ribeiro Ferraz Arruda', 'paula.ferraz@ifsuldeminas.com.br', NULL, '', 'Sim', NULL, 0),
	(1716, 2, 2, 1, '1399770', 'Priscila Pereira', 'priscila.pereira@ifsuldeminas.edu.br', NULL, '', 'Sim', NULL, 0),
	(1717, 1, 1, 1, '1385091', 'Rafaela Eloi de Almeida Alves', 'rafaela.alves@ifsuldeminas.edu.br', NULL, '', 'Sim', NULL, 0),
	(1718, 3, 3, 1, '1171849', 'Rafael Cedric Moller Meneghini', 'rafael.meneghini@ifsuldeminas.edu.br', NULL, '', 'Sim', NULL, 0),
	(1719, 6, 6, 2, '4605015', 'Rafael de Freitas Candido', 'rafael.freitas@ifsuldeminas.edu.br', NULL, '', 'Sim', NULL, 0),
	(1720, 5, 5, 2, '3006489', 'Rafael Martins Neves', 'rafaelmartins.neves@ifsuldeminas.edu.br', NULL, '', 'Sim', NULL, 0),
	(1721, 5, 5, 2, '3142997', 'Raquel de Souza', 'raquel.souza@ifsuldeminas.edu.br', NULL, '', 'Sim', NULL, 0),
	(1722, 9, 9, 2, '3001333', 'Renata Cunha Bruno da Silveira', 'renata.silveira@ifsuldeminas.edu.br', NULL, '', 'Sim', NULL, 0),
	(1723, 7, 7, 1, '1998792', 'Renata Maciel dos Reis', 'Renata.reis@ifsuldeminas.edu.br', NULL, '', 'Sim', NULL, 0),
	(1724, 2, 2, 1, '1327340', 'Renata Maculan', 'renata.maculan@ifsuldeminas.edu.br', NULL, '', 'Sim', NULL, 0),
	(1725, 6, 6, 2, '1082173', 'Ricardo Macedo Teixeira', 'ricardo.teixeira@ifsuldeminas.edu.br', NULL, '', 'Sim', NULL, 0),
	(1726, 9, 9, 2, '1065605', 'Ricardo Trindade Penha', 'ricardo.penha@ifsuldeminas.edu.br', NULL, '', 'Sim', NULL, 0),
	(1727, 9, 9, 2, '3204128', 'Rodrigo Alves de Oliveira', 'rodrigo.oliveira@ifsuldeminas.edu.br', NULL, '', 'Sim', NULL, 0),
	(1728, 2, 2, 2, '3182271', 'Rodrigo Jose Batista', 'rodrigo.batista@ifsuldeminas.edu.br', NULL, '', 'Sim', NULL, 0),
	(1729, 1, 1, 2, '3006464', 'Roger Leal', 'roger.leal@ifsuldeminas.edu.br', NULL, '', 'Sim', NULL, 0),
	(1730, 4, 4, 1, '1297620', 'Sanderson Lucas Menezes Barra', 'sanderson.barra@ifsuldeminas.edu.br', NULL, '', 'Sim', NULL, 0),
	(1731, 2, 2, 2, '2378742', 'Sandra Aparecida de Aguiar', 'sandra.aguiar@ifsuldeminas.edu.br', NULL, '', 'Sim', NULL, 0),
	(1732, 5, 5, 1, '3088383', 'Sergio Henrique de Oliveira Teixeira', 'sergio.teixeira@ifsuldeminas.edu.br', NULL, '', 'Sim', NULL, 0),
	(1733, 6, 6, 1, '2147497', 'Silas Santana Nogueira', 'silas.nogueira@ifsuldeminas.edu.br', NULL, '', 'Sim', NULL, 0),
	(1734, 1, 1, 2, '1090582', 'Silvino Jose Santos Pimenta', 'silvino.santos@ifsuldeminas.edu.br', NULL, '', 'Sim', NULL, 0),
	(1735, 6, 6, 2, '2869734', 'Simone Cruz Batista', 'simone.batista@ifsuldeminas.edu.br', NULL, '', 'Sim', NULL, 0),
	(1736, 1, 1, 2, '1017139', 'Sueli Aparecida de Souza', 'sueli.souza@ifsuldeminas.edu.br', NULL, '', 'Sim', NULL, 0),
	(1737, 9, 9, 2, '1338922', 'Suellen Cristina Calicio Ferrari Tavora', 'suellen.tavora@ifsuldeminas.edu.br', NULL, '', 'Sim', NULL, 0),
	(1738, 1, 1, 2, '3139873', 'Swelen Azevedo de Souza', 'swelen.souza@ifsuldeminas.edu.br', NULL, '', 'Sim', NULL, 0),
	(1739, 9, 9, 2, '1096239', 'Sylvia Teixeira Ceravolo', 'sylvia.ceravolo@ifsuldeminas.edu.br', NULL, '', 'Sim', NULL, 0),
	(1740, 2, 2, 1, '3088507', 'Tamara Prado de Morais', 'tamara.morais@ifsuldeminas.edu.br', NULL, '', 'Sim', NULL, 0),
	(1741, 4, 4, 1, '1306527', 'Tatiane Beltramini Souto', 'tatiane.souto@ifsuldeminas.edu.br', NULL, '', 'Sim', NULL, 0),
	(1742, 4, 4, 2, '3061298', 'Tereza do Lago Godoi Heldt', 'tereza.heldt@ifsuldeminas.edu.br', NULL, '', 'Sim', NULL, 0),
	(1743, 7, 7, 1, '1411614', 'Thalita Ferreira Menegassi de Souza', 'Thalita.menegassi@ifsuldeminas.edu.br', NULL, '', 'Sim', NULL, 0),
	(1744, 7, 7, 1, '3087222', 'Thiago Alves de Souza', 'thiago.souza@ifsuldeminas.edu.br', NULL, '', 'Sim', NULL, 0),
	(1745, 3, 3, 2, '1892290', 'Tulio Marcus Trevisan Borges', 'tulio.trevisan@ifsuldeminas.edu.br', NULL, '', 'Sim', NULL, 0),
	(1746, 9, 9, 2, '1542794', 'Valdomiro Camargo Junior', 'valdomiro.junior@ifsuldeminas.edu.br', NULL, '', 'Sim', NULL, 0),
	(1747, 2, 2, 2, '3155307', 'Valmir Sergio de Oliveira Filho', 'valmir.filho@ifsuldeminas.edu.br', NULL, '', 'Sim', NULL, 0),
	(1748, 9, 9, 2, '1258555', 'Vera Carolina da Silva', 'vera.silva@ifsuldeminas.edu.br', NULL, '', 'Sim', NULL, 0),
	(1749, 4, 4, 1, '1065954', 'Welisson Michael Silva', 'welisson.silva@ifsuldeminas.edu.br', NULL, '', 'Sim', NULL, 0),
	(1750, 3, 3, 1, '1398576', 'LUCAS EDUARDO DE OLIVEIRA APARECIDO', 'lucas.aparecido@ifsuldeminas.edu.br', NULL, '', 'Sim', NULL, 0),
	(1751, 3, 3, 1, '3214906', 'Lia Polegato Castelan', 'lia.castelan@ifsuldeminas.edu.br', '3571-5123 ', '', 'Sim', NULL, 0),
	(1752, 1, 1, 1, '1107222', 'Helder Luiz Palmieri Caldas ', 'helder.caldas@ifsuldeminas.edu.br', NULL, '', 'Sim', NULL, 0),
	(1753, 8, 8, 1, '1500803	', 'Crisiane Rezende Vilela de Oliveira', 'crisiane.oliveira@ifsuldeminas.edu.br', NULL, '', 'Sim', NULL, 0),
	(1756, 3, 3, 1, '123456', 'Renata Sebastiana dos Santos', 'renata.santos@ifsuldeminas.edu.br', '35 ', '', NULL, NULL, 0),
	(1757, 6, 6, 4, '0000000', 'Gustavo Reis Machado', 'gustavo.machado@ifsuldeminas.edu.br', NULL, '', 'Sim', NULL, 0),
	(1758, 6, 6, 1, '1955067', ' Lucy Mirian Campos Tavares Nascimento', 'lucy.nascimento@ifsuldeminas.edu.br', NULL, '', 'Sim', NULL, 0);
/*!40000 ALTER TABLE `servidor` ENABLE KEYS */;

-- Copiando estrutura para tabela db_cppd.servidor_titulacao
CREATE TABLE IF NOT EXISTS `servidor_titulacao` (
  `servidor_idservidor` int(11) NOT NULL,
  `titulacao_idtitulacao` int(11) NOT NULL,
  `data` date DEFAULT NULL,
  PRIMARY KEY (`servidor_idservidor`,`titulacao_idtitulacao`),
  KEY `fk_servidor_has_titulacao_titulacao1_idx` (`titulacao_idtitulacao`),
  KEY `fk_servidor_has_titulacao_servidor1_idx` (`servidor_idservidor`),
  CONSTRAINT `fk_servidor_has_titulacao_titulacao1` FOREIGN KEY (`titulacao_idtitulacao`) REFERENCES `titulacao` (`idtitulacao`) ON DELETE NO ACTION ON UPDATE NO ACTION
) ENGINE=InnoDB DEFAULT CHARSET=utf8;

-- Copiando dados para a tabela db_cppd.servidor_titulacao: ~0 rows (aproximadamente)
/*!40000 ALTER TABLE `servidor_titulacao` DISABLE KEYS */;
/*!40000 ALTER TABLE `servidor_titulacao` ENABLE KEYS */;

-- Copiando estrutura para tabela db_cppd.setor
CREATE TABLE IF NOT EXISTS `setor` (
  `idsetor` int(11) NOT NULL AUTO_INCREMENT,
  `nome` varchar(200) DEFAULT NULL,
  `setor_idsetor` int(11) DEFAULT NULL,
  `servidor_idservidor` int(11) NOT NULL,
  PRIMARY KEY (`idsetor`),
  KEY `fk_setor_setor1_idx` (`setor_idsetor`),
  KEY `fk_setor_servidor1_idx` (`servidor_idservidor`),
  CONSTRAINT `fk_setor_setor1` FOREIGN KEY (`setor_idsetor`) REFERENCES `setor` (`idsetor`) ON DELETE NO ACTION ON UPDATE NO ACTION
) ENGINE=InnoDB AUTO_INCREMENT=11 DEFAULT CHARSET=utf8;

-- Copiando dados para a tabela db_cppd.setor: ~10 rows (aproximadamente)
/*!40000 ALTER TABLE `setor` DISABLE KEYS */;
INSERT INTO `setor` (`idsetor`, `nome`, `setor_idsetor`, `servidor_idservidor`) VALUES
	(1, 'Campus Inconfidentes', 9, 75),
	(2, 'Campus Machado', 9, 130),
	(3, 'Campus Muzambinho', 9, 337),
	(4, 'Campus Passos', 9, 461),
	(5, 'Campus Poços de Caldas', 9, 561),
	(6, 'Campus Pouso Alegre', 9, 406),
	(7, 'Campus Carmo avancado de Minas', 9, 601),
	(8, 'Campus avançado Três Corações', 9, 273),
	(9, 'Reitoria', NULL, 311),
	(10, 'DEN/DDE', 1, 55);
/*!40000 ALTER TABLE `setor` ENABLE KEYS */;

-- Copiando estrutura para tabela db_cppd.titulacao
CREATE TABLE IF NOT EXISTS `titulacao` (
  `idtitulacao` int(11) NOT NULL,
  `formacao` varchar(45) DEFAULT NULL,
  `titulacao` varchar(45) DEFAULT NULL,
  PRIMARY KEY (`idtitulacao`)
) ENGINE=InnoDB DEFAULT CHARSET=utf8;

-- Copiando dados para a tabela db_cppd.titulacao: ~0 rows (aproximadamente)
/*!40000 ALTER TABLE `titulacao` DISABLE KEYS */;
/*!40000 ALTER TABLE `titulacao` ENABLE KEYS */;

-- Copiando estrutura para tabela db_cppd.usuario
CREATE TABLE IF NOT EXISTS `usuario` (
  `idusuario` int(11) NOT NULL AUTO_INCREMENT,
  `servidor_idservidor` int(11) NOT NULL,
  `senha` varchar(50) DEFAULT NULL,
  `nivel` enum('Particular','Campus','Geral') DEFAULT NULL,
  `autoriza_uso` tinyint(4) DEFAULT 0,
  PRIMARY KEY (`idusuario`),
  KEY `fk_usuario_servidor1_idx` (`servidor_idservidor`)
) ENGINE=InnoDB AUTO_INCREMENT=15 DEFAULT CHARSET=latin1;

-- Copiando dados para a tabela db_cppd.usuario: ~5 rows (aproximadamente)
/*!40000 ALTER TABLE `usuario` DISABLE KEYS */;
INSERT INTO `usuario` (`idusuario`, `servidor_idservidor`, `senha`, `nivel`, `autoriza_uso`) VALUES
	(10, 51, 'e10adc3949ba59abbe56e057f20f883e', 'Geral', 1),
	(11, 86, 'e10adc3949ba59abbe56e057f20f883e', 'Campus', 0),
	(12, 70, 'e10adc3949ba59abbe56e057f20f883e', 'Campus', 0),
	(13, 1086, 'e10adc3949ba59abbe56e057f20f883e', 'Campus', 0),
	(14, 55, 'e10adc3949ba59abbe56e057f20f883e', 'Campus', 0);
/*!40000 ALTER TABLE `usuario` ENABLE KEYS */;

/*!40101 SET SQL_MODE=IFNULL(@OLD_SQL_MODE, '') */;
/*!40014 SET FOREIGN_KEY_CHECKS=IF(@OLD_FOREIGN_KEY_CHECKS IS NULL, 1, @OLD_FOREIGN_KEY_CHECKS) */;
/*!40101 SET CHARACTER_SET_CLIENT=@OLD_CHARACTER_SET_CLIENT */;
